date,proportion,variant
2022-12-01,0.7194029850746269,BA.5.2*
2022-12-01,0.0,XBB.1.9*
2022-12-01,0.22686567164179106,BF.7.14*
2022-12-01,0.0,XBB.1.16*
2022-12-01,0.0,XBB.1.5*
2022-12-01,0.0,XBB.1.22*
2022-12-02,0.7209302325581395,BA.5.2*
2022-12-02,0.0,XBB.1.9*
2022-12-02,0.23255813953488372,BF.7.14*
2022-12-02,0.0,XBB.1.16*
2022-12-02,0.0,XBB.1.5*
2022-12-02,0.0,XBB.1.22*
2022-12-03,0.6407185628742516,BA.5.2*
2022-12-03,0.0,XBB.1.9*
2022-12-03,0.24550898203592814,BF.7.14*
2022-12-03,0.0,XBB.1.16*
2022-12-03,0.0,XBB.1.5*
2022-12-03,0.0,XBB.1.22*
2022-12-04,0.5476190476190477,BA.5.2*
2022-12-04,0.0,XBB.1.9*
2022-12-04,0.30952380952380953,BF.7.14*
2022-12-04,0.0,XBB.1.16*
2022-12-04,0.0,XBB.1.5*
2022-12-04,0.0,XBB.1.22*
2022-12-05,0.5319148936170213,BA.5.2*
2022-12-05,0.0,XBB.1.9*
2022-12-05,0.3404255319148936,BF.7.14*
2022-12-05,0.0,XBB.1.16*
2022-12-05,0.0,XBB.1.5*
2022-12-05,0.0,XBB.1.22*
2022-12-06,0.6521739130434783,BA.5.2*
2022-12-06,0.0,XBB.1.9*
2022-12-06,0.2826086956521739,BF.7.14*
2022-12-06,0.0,XBB.1.16*
2022-12-06,0.0,XBB.1.5*
2022-12-06,0.0,XBB.1.22*
2022-12-07,0.8070175438596491,BA.5.2*
2022-12-07,0.0,XBB.1.9*
2022-12-07,0.08771929824561403,BF.7.14*
2022-12-07,0.0,XBB.1.16*
2022-12-07,0.0,XBB.1.5*
2022-12-07,0.0,XBB.1.22*
2022-12-08,0.6363636363636364,BA.5.2*
2022-12-08,0.0,XBB.1.9*
2022-12-08,0.22077922077922077,BF.7.14*
2022-12-08,0.0,XBB.1.16*
2022-12-08,0.0,XBB.1.5*
2022-12-08,0.0,XBB.1.22*
2022-12-09,0.6633663366336634,BA.5.2*
2022-12-09,0.0,XBB.1.9*
2022-12-09,0.04950495049504951,BF.7.14*
2022-12-09,0.0,XBB.1.16*
2022-12-09,0.009900990099009901,XBB.1.5*
2022-12-09,0.0,XBB.1.22*
2022-12-10,0.6444444444444445,BA.5.2*
2022-12-10,0.0,XBB.1.9*
2022-12-10,0.08888888888888889,BF.7.14*
2022-12-10,0.0,XBB.1.16*
2022-12-10,0.0,XBB.1.5*
2022-12-10,0.0,XBB.1.22*
2022-12-11,0.6290322580645161,BA.5.2*
2022-12-11,0.0,XBB.1.9*
2022-12-11,0.1774193548387097,BF.7.14*
2022-12-11,0.0,XBB.1.16*
2022-12-11,0.0,XBB.1.5*
2022-12-11,0.0,XBB.1.22*
2022-12-12,0.7986111111111112,BA.5.2*
2022-12-12,0.0,XBB.1.9*
2022-12-12,0.125,BF.7.14*
2022-12-12,0.0,XBB.1.16*
2022-12-12,0.0,XBB.1.5*
2022-12-12,0.0,XBB.1.22*
2022-12-13,0.6363636363636364,BA.5.2*
2022-12-13,0.0,XBB.1.9*
2022-12-13,0.22727272727272727,BF.7.14*
2022-12-13,0.0,XBB.1.16*
2022-12-13,0.0,XBB.1.5*
2022-12-13,0.0,XBB.1.22*
2022-12-14,0.6416666666666667,BA.5.2*
2022-12-14,0.0,XBB.1.9*
2022-12-14,0.175,BF.7.14*
2022-12-14,0.0,XBB.1.16*
2022-12-14,0.0,XBB.1.5*
2022-12-14,0.0,XBB.1.22*
2022-12-15,0.654320987654321,BA.5.2*
2022-12-15,0.0,XBB.1.9*
2022-12-15,0.1111111111111111,BF.7.14*
2022-12-15,0.0,XBB.1.16*
2022-12-15,0.012345679012345678,XBB.1.5*
2022-12-15,0.0,XBB.1.22*
2022-12-16,0.6875,BA.5.2*
2022-12-16,0.0,XBB.1.9*
2022-12-16,0.19375,BF.7.14*
2022-12-16,0.0,XBB.1.16*
2022-12-16,0.0,XBB.1.5*
2022-12-16,0.0,XBB.1.22*
2022-12-17,0.7090909090909091,BA.5.2*
2022-12-17,0.0,XBB.1.9*
2022-12-17,0.17272727272727273,BF.7.14*
2022-12-17,0.0,XBB.1.16*
2022-12-17,0.0,XBB.1.5*
2022-12-17,0.00909090909090909,XBB.1.22*
2022-12-18,0.6,BA.5.2*
2022-12-18,0.0,XBB.1.9*
2022-12-18,0.23157894736842105,BF.7.14*
2022-12-18,0.0,XBB.1.16*
2022-12-18,0.010526315789473684,XBB.1.5*
2022-12-18,0.0,XBB.1.22*
2022-12-19,0.6466666666666666,BA.5.2*
2022-12-19,0.0,XBB.1.9*
2022-12-19,0.2966666666666667,BF.7.14*
2022-12-19,0.0,XBB.1.16*
2022-12-19,0.0,XBB.1.5*
2022-12-19,0.0,XBB.1.22*
2022-12-20,0.7874396135265701,BA.5.2*
2022-12-20,0.0,XBB.1.9*
2022-12-20,0.15458937198067632,BF.7.14*
2022-12-20,0.0,XBB.1.16*
2022-12-20,0.0,XBB.1.5*
2022-12-20,0.0,XBB.1.22*
2022-12-21,0.7803921568627451,BA.5.2*
2022-12-21,0.0,XBB.1.9*
2022-12-21,0.19215686274509805,BF.7.14*
2022-12-21,0.0,XBB.1.16*
2022-12-21,0.0,XBB.1.5*
2022-12-21,0.0,XBB.1.22*
2022-12-22,0.7110266159695817,BA.5.2*
2022-12-22,0.0,XBB.1.9*
2022-12-22,0.2509505703422053,BF.7.14*
2022-12-22,0.0,XBB.1.16*
2022-12-22,0.0038022813688212928,XBB.1.5*
2022-12-22,0.0,XBB.1.22*
2022-12-23,0.6014492753623188,BA.5.2*
2022-12-23,0.0,XBB.1.9*
2022-12-23,0.36231884057971014,BF.7.14*
2022-12-23,0.0,XBB.1.16*
2022-12-23,0.0,XBB.1.5*
2022-12-23,0.0,XBB.1.22*
2022-12-24,0.55,BA.5.2*
2022-12-24,0.0,XBB.1.9*
2022-12-24,0.425,BF.7.14*
2022-12-24,0.0,XBB.1.16*
2022-12-24,0.0,XBB.1.5*
2022-12-24,0.0,XBB.1.22*
2022-12-25,0.6598984771573604,BA.5.2*
2022-12-25,0.0,XBB.1.9*
2022-12-25,0.29949238578680204,BF.7.14*
2022-12-25,0.0,XBB.1.16*
2022-12-25,0.0,XBB.1.5*
2022-12-25,0.0,XBB.1.22*
2022-12-26,0.6970684039087948,BA.5.2*
2022-12-26,0.0,XBB.1.9*
2022-12-26,0.2768729641693811,BF.7.14*
2022-12-26,0.0,XBB.1.16*
2022-12-26,0.0,XBB.1.5*
2022-12-26,0.0,XBB.1.22*
2022-12-27,0.6974789915966386,BA.5.2*
2022-12-27,0.0,XBB.1.9*
2022-12-27,0.25770308123249297,BF.7.14*
2022-12-27,0.0,XBB.1.16*
2022-12-27,0.0,XBB.1.5*
2022-12-27,0.0,XBB.1.22*
2022-12-28,0.7270531400966184,BA.5.2*
2022-12-28,0.0,XBB.1.9*
2022-12-28,0.24396135265700483,BF.7.14*
2022-12-28,0.0,XBB.1.16*
2022-12-28,0.0,XBB.1.5*
2022-12-28,0.0,XBB.1.22*
2022-12-29,0.6421568627450981,BA.5.2*
2022-12-29,0.0,XBB.1.9*
2022-12-29,0.29901960784313725,BF.7.14*
2022-12-29,0.0,XBB.1.16*
2022-12-29,0.0,XBB.1.5*
2022-12-29,0.0,XBB.1.22*
2022-12-30,0.7089201877934272,BA.5.2*
2022-12-30,0.0,XBB.1.9*
2022-12-30,0.24413145539906103,BF.7.14*
2022-12-30,0.0,XBB.1.16*
2022-12-30,0.0,XBB.1.5*
2022-12-30,0.0,XBB.1.22*
2022-12-31,0.5617283950617284,BA.5.2*
2022-12-31,0.0,XBB.1.9*
2022-12-31,0.41975308641975306,BF.7.14*
2022-12-31,0.0,XBB.1.16*
2022-12-31,0.0,XBB.1.5*
2022-12-31,0.0,XBB.1.22*
2023-01-01,0.7472527472527473,BA.5.2*
2023-01-01,0.0,XBB.1.9*
2023-01-01,0.21978021978021978,BF.7.14*
2023-01-01,0.0,XBB.1.16*
2023-01-01,0.0,XBB.1.5*
2023-01-01,0.0,XBB.1.22*
2023-01-02,0.8153310104529616,BA.5.2*
2023-01-02,0.0,XBB.1.9*
2023-01-02,0.16376306620209058,BF.7.14*
2023-01-02,0.0,XBB.1.16*
2023-01-02,0.0,XBB.1.5*
2023-01-02,0.0,XBB.1.22*
2023-01-03,0.7556818181818182,BA.5.2*
2023-01-03,0.0,XBB.1.9*
2023-01-03,0.22348484848484848,BF.7.14*
2023-01-03,0.0,XBB.1.16*
2023-01-03,0.0,XBB.1.5*
2023-01-03,0.0,XBB.1.22*
2023-01-04,0.6566265060240963,BA.5.2*
2023-01-04,0.0,XBB.1.9*
2023-01-04,0.3042168674698795,BF.7.14*
2023-01-04,0.0,XBB.1.16*
2023-01-04,0.0,XBB.1.5*
2023-01-04,0.0,XBB.1.22*
2023-01-05,0.7538071065989848,BA.5.2*
2023-01-05,0.0,XBB.1.9*
2023-01-05,0.22588832487309646,BF.7.14*
2023-01-05,0.0,XBB.1.16*
2023-01-05,0.0,XBB.1.5*
2023-01-05,0.0,XBB.1.22*
2023-01-06,0.6602870813397129,BA.5.2*
2023-01-06,0.004784688995215311,XBB.1.9*
2023-01-06,0.3157894736842105,BF.7.14*
2023-01-06,0.0,XBB.1.16*
2023-01-06,0.0,XBB.1.5*
2023-01-06,0.0,XBB.1.22*
2023-01-07,0.7829457364341085,BA.5.2*
2023-01-07,0.0,XBB.1.9*
2023-01-07,0.17054263565891473,BF.7.14*
2023-01-07,0.0,XBB.1.16*
2023-01-07,0.0,XBB.1.5*
2023-01-07,0.0,XBB.1.22*
2023-01-08,0.7547169811320755,BA.5.2*
2023-01-08,0.0,XBB.1.9*
2023-01-08,0.22641509433962265,BF.7.14*
2023-01-08,0.0,XBB.1.16*
2023-01-08,0.0,XBB.1.5*
2023-01-08,0.0,XBB.1.22*
2023-01-09,0.7446300715990454,BA.5.2*
2023-01-09,0.0,XBB.1.9*
2023-01-09,0.2386634844868735,BF.7.14*
2023-01-09,0.0,XBB.1.16*
2023-01-09,0.0,XBB.1.5*
2023-01-09,0.0,XBB.1.22*
2023-01-10,0.7933579335793358,BA.5.2*
2023-01-10,0.0,XBB.1.9*
2023-01-10,0.1992619926199262,BF.7.14*
2023-01-10,0.0,XBB.1.16*
2023-01-10,0.0,XBB.1.5*
2023-01-10,0.0,XBB.1.22*
2023-01-11,0.7169117647058824,BA.5.2*
2023-01-11,0.0,XBB.1.9*
2023-01-11,0.2757352941176471,BF.7.14*
2023-01-11,0.0,XBB.1.16*
2023-01-11,0.0,XBB.1.5*
2023-01-11,0.0,XBB.1.22*
2023-01-12,0.6473684210526316,BA.5.2*
2023-01-12,0.0,XBB.1.9*
2023-01-12,0.3473684210526316,BF.7.14*
2023-01-12,0.0,XBB.1.16*
2023-01-12,0.0,XBB.1.5*
2023-01-12,0.0,XBB.1.22*
2023-01-13,0.6194029850746269,BA.5.2*
2023-01-13,0.0,XBB.1.9*
2023-01-13,0.35074626865671643,BF.7.14*
2023-01-13,0.0,XBB.1.16*
2023-01-13,0.0,XBB.1.5*
2023-01-13,0.0,XBB.1.22*
2023-01-14,0.6521739130434783,BA.5.2*
2023-01-14,0.0,XBB.1.9*
2023-01-14,0.2318840579710145,BF.7.14*
2023-01-14,0.0,XBB.1.16*
2023-01-14,0.014492753623188406,XBB.1.5*
2023-01-14,0.0,XBB.1.22*
2023-01-15,0.8323353293413174,BA.5.2*
2023-01-15,0.0,XBB.1.9*
2023-01-15,0.16766467065868262,BF.7.14*
2023-01-15,0.0,XBB.1.16*
2023-01-15,0.0,XBB.1.5*
2023-01-15,0.0,XBB.1.22*
2023-01-16,0.7417417417417418,BA.5.2*
2023-01-16,0.0,XBB.1.9*
2023-01-16,0.25225225225225223,BF.7.14*
2023-01-16,0.0,XBB.1.16*
2023-01-16,0.0,XBB.1.5*
2023-01-16,0.0,XBB.1.22*
2023-01-17,0.7427385892116183,BA.5.2*
2023-01-17,0.0,XBB.1.9*
2023-01-17,0.23651452282157676,BF.7.14*
2023-01-17,0.0,XBB.1.16*
2023-01-17,0.0,XBB.1.5*
2023-01-17,0.0,XBB.1.22*
2023-01-18,0.7886178861788617,BA.5.2*
2023-01-18,0.0,XBB.1.9*
2023-01-18,0.2032520325203252,BF.7.14*
2023-01-18,0.0,XBB.1.16*
2023-01-18,0.0,XBB.1.5*
2023-01-18,0.0,XBB.1.22*
2023-01-19,0.7241379310344828,BA.5.2*
2023-01-19,0.0,XBB.1.9*
2023-01-19,0.25517241379310346,BF.7.14*
2023-01-19,0.0,XBB.1.16*
2023-01-19,0.0,XBB.1.5*
2023-01-19,0.0,XBB.1.22*
2023-01-20,0.6690647482014388,BA.5.2*
2023-01-20,0.0,XBB.1.9*
2023-01-20,0.33093525179856115,BF.7.14*
2023-01-20,0.0,XBB.1.16*
2023-01-20,0.0,XBB.1.5*
2023-01-20,0.0,XBB.1.22*
2023-01-21,0.6304347826086957,BA.5.2*
2023-01-21,0.0,XBB.1.9*
2023-01-21,0.34782608695652173,BF.7.14*
2023-01-21,0.0,XBB.1.16*
2023-01-21,0.0,XBB.1.5*
2023-01-21,0.0,XBB.1.22*
2023-01-22,0.8289473684210527,BA.5.2*
2023-01-22,0.0,XBB.1.9*
2023-01-22,0.17105263157894737,BF.7.14*
2023-01-22,0.0,XBB.1.16*
2023-01-22,0.0,XBB.1.5*
2023-01-22,0.0,XBB.1.22*
2023-01-23,0.7108433734939759,BA.5.2*
2023-01-23,0.0,XBB.1.9*
2023-01-23,0.27710843373493976,BF.7.14*
2023-01-23,0.0,XBB.1.16*
2023-01-23,0.0,XBB.1.5*
2023-01-23,0.0,XBB.1.22*
2023-01-24,0.611764705882353,BA.5.2*
2023-01-24,0.0,XBB.1.9*
2023-01-24,0.35294117647058826,BF.7.14*
2023-01-24,0.0,XBB.1.16*
2023-01-24,0.0,XBB.1.5*
2023-01-24,0.0,XBB.1.22*
2023-01-25,0.7431192660550459,BA.5.2*
2023-01-25,0.0,XBB.1.9*
2023-01-25,0.24770642201834864,BF.7.14*
2023-01-25,0.0,XBB.1.16*
2023-01-25,0.0,XBB.1.5*
2023-01-25,0.0,XBB.1.22*
2023-01-26,0.6095238095238096,BA.5.2*
2023-01-26,0.0,XBB.1.9*
2023-01-26,0.34285714285714286,BF.7.14*
2023-01-26,0.0,XBB.1.16*
2023-01-26,0.0,XBB.1.5*
2023-01-26,0.0,XBB.1.22*
2023-01-27,0.7380952380952381,BA.5.2*
2023-01-27,0.0,XBB.1.9*
2023-01-27,0.23809523809523808,BF.7.14*
2023-01-27,0.0,XBB.1.16*
2023-01-27,0.0,XBB.1.5*
2023-01-27,0.0,XBB.1.22*
2023-01-28,0.6981981981981982,BA.5.2*
2023-01-28,0.0,XBB.1.9*
2023-01-28,0.26576576576576577,BF.7.14*
2023-01-28,0.0,XBB.1.16*
2023-01-28,0.0,XBB.1.5*
2023-01-28,0.0,XBB.1.22*
2023-01-29,0.6049382716049383,BA.5.2*
2023-01-29,0.0,XBB.1.9*
2023-01-29,0.35802469135802467,BF.7.14*
2023-01-29,0.0,XBB.1.16*
2023-01-29,0.0,XBB.1.5*
2023-01-29,0.0,XBB.1.22*
2023-01-30,0.6335403726708074,BA.5.2*
2023-01-30,0.0,XBB.1.9*
2023-01-30,0.32919254658385094,BF.7.14*
2023-01-30,0.0,XBB.1.16*
2023-01-30,0.0,XBB.1.5*
2023-01-30,0.0,XBB.1.22*
2023-01-31,0.6428571428571429,BA.5.2*
2023-01-31,0.0,XBB.1.9*
2023-01-31,0.30952380952380953,BF.7.14*
2023-01-31,0.0,XBB.1.16*
2023-01-31,0.0,XBB.1.5*
2023-01-31,0.0,XBB.1.22*
2023-02-01,0.6962025316455697,BA.5.2*
2023-02-01,0.0,XBB.1.9*
2023-02-01,0.26582278481012656,BF.7.14*
2023-02-01,0.0,XBB.1.16*
2023-02-01,0.0,XBB.1.5*
2023-02-01,0.0,XBB.1.22*
2023-02-02,0.6554621848739496,BA.5.2*
2023-02-02,0.0,XBB.1.9*
2023-02-02,0.29411764705882354,BF.7.14*
2023-02-02,0.0,XBB.1.16*
2023-02-02,0.008403361344537815,XBB.1.5*
2023-02-02,0.0,XBB.1.22*
2023-02-03,0.7272727272727273,BA.5.2*
2023-02-03,0.0,XBB.1.9*
2023-02-03,0.2066115702479339,BF.7.14*
2023-02-03,0.0,XBB.1.16*
2023-02-03,0.0,XBB.1.5*
2023-02-03,0.0,XBB.1.22*
2023-02-04,0.7631578947368421,BA.5.2*
2023-02-04,0.0,XBB.1.9*
2023-02-04,0.13157894736842105,BF.7.14*
2023-02-04,0.0,XBB.1.16*
2023-02-04,0.0,XBB.1.5*
2023-02-04,0.0,XBB.1.22*
2023-02-05,0.6153846153846154,BA.5.2*
2023-02-05,0.0,XBB.1.9*
2023-02-05,0.2692307692307692,BF.7.14*
2023-02-05,0.0,XBB.1.16*
2023-02-05,0.01282051282051282,XBB.1.5*
2023-02-05,0.0,XBB.1.22*
2023-02-06,0.6933333333333334,BA.5.2*
2023-02-06,0.0,XBB.1.9*
2023-02-06,0.25333333333333335,BF.7.14*
2023-02-06,0.0,XBB.1.16*
2023-02-06,0.0,XBB.1.5*
2023-02-06,0.0,XBB.1.22*
2023-02-07,0.626984126984127,BA.5.2*
2023-02-07,0.0,XBB.1.9*
2023-02-07,0.30952380952380953,BF.7.14*
2023-02-07,0.0,XBB.1.16*
2023-02-07,0.0,XBB.1.5*
2023-02-07,0.0,XBB.1.22*
2023-02-08,0.5612244897959183,BA.5.2*
2023-02-08,0.01020408163265306,XBB.1.9*
2023-02-08,0.35714285714285715,BF.7.14*
2023-02-08,0.0,XBB.1.16*
2023-02-08,0.0,XBB.1.5*
2023-02-08,0.0,XBB.1.22*
2023-02-09,0.7790697674418605,BA.5.2*
2023-02-09,0.0,XBB.1.9*
2023-02-09,0.13953488372093023,BF.7.14*
2023-02-09,0.0,XBB.1.16*
2023-02-09,0.0,XBB.1.5*
2023-02-09,0.0,XBB.1.22*
2023-02-10,0.5752688172043011,BA.5.2*
2023-02-10,0.0,XBB.1.9*
2023-02-10,0.3924731182795699,BF.7.14*
2023-02-10,0.0,XBB.1.16*
2023-02-10,0.0,XBB.1.5*
2023-02-10,0.0,XBB.1.22*
2023-02-11,0.45454545454545453,BA.5.2*
2023-02-11,0.0,XBB.1.9*
2023-02-11,0.45454545454545453,BF.7.14*
2023-02-11,0.0,XBB.1.16*
2023-02-11,0.0,XBB.1.5*
2023-02-11,0.0,XBB.1.22*
2023-02-12,0.72,BA.5.2*
2023-02-12,0.0,XBB.1.9*
2023-02-12,0.21333333333333335,BF.7.14*
2023-02-12,0.0,XBB.1.16*
2023-02-12,0.013333333333333334,XBB.1.5*
2023-02-12,0.0,XBB.1.22*
2023-02-13,0.6066666666666667,BA.5.2*
2023-02-13,0.0,XBB.1.9*
2023-02-13,0.34,BF.7.14*
2023-02-13,0.0,XBB.1.16*
2023-02-13,0.013333333333333334,XBB.1.5*
2023-02-13,0.0,XBB.1.22*
2023-02-14,0.7068965517241379,BA.5.2*
2023-02-14,0.0,XBB.1.9*
2023-02-14,0.25862068965517243,BF.7.14*
2023-02-14,0.0,XBB.1.16*
2023-02-14,0.0,XBB.1.5*
2023-02-14,0.0,XBB.1.22*
2023-02-15,0.6808510638297872,BA.5.2*
2023-02-15,0.0,XBB.1.9*
2023-02-15,0.2553191489361702,BF.7.14*
2023-02-15,0.0,XBB.1.16*
2023-02-15,0.0,XBB.1.5*
2023-02-15,0.0,XBB.1.22*
2023-02-16,0.6,BA.5.2*
2023-02-16,0.0,XBB.1.9*
2023-02-16,0.36470588235294116,BF.7.14*
2023-02-16,0.0,XBB.1.16*
2023-02-16,0.0,XBB.1.5*
2023-02-16,0.0,XBB.1.22*
2023-02-17,0.6902654867256637,BA.5.2*
2023-02-17,0.0,XBB.1.9*
2023-02-17,0.24778761061946902,BF.7.14*
2023-02-17,0.0,XBB.1.16*
2023-02-17,0.008849557522123894,XBB.1.5*
2023-02-17,0.0,XBB.1.22*
2023-02-18,0.6016260162601627,BA.5.2*
2023-02-18,0.0,XBB.1.9*
2023-02-18,0.34146341463414637,BF.7.14*
2023-02-18,0.0,XBB.1.16*
2023-02-18,0.0,XBB.1.5*
2023-02-18,0.0,XBB.1.22*
2023-02-19,0.6024096385542169,BA.5.2*
2023-02-19,0.024096385542168676,XBB.1.9*
2023-02-19,0.30120481927710846,BF.7.14*
2023-02-19,0.0,XBB.1.16*
2023-02-19,0.0,XBB.1.5*
2023-02-19,0.0,XBB.1.22*
2023-02-20,0.6486486486486487,BA.5.2*
2023-02-20,0.0,XBB.1.9*
2023-02-20,0.28378378378378377,BF.7.14*
2023-02-20,0.0,XBB.1.16*
2023-02-20,0.033783783783783786,XBB.1.5*
2023-02-20,0.0,XBB.1.22*
2023-02-21,0.6929133858267716,BA.5.2*
2023-02-21,0.0,XBB.1.9*
2023-02-21,0.25984251968503935,BF.7.14*
2023-02-21,0.0,XBB.1.16*
2023-02-21,0.003937007874015748,XBB.1.5*
2023-02-21,0.003937007874015748,XBB.1.22*
2023-02-22,0.62,BA.5.2*
2023-02-22,0.0,XBB.1.9*
2023-02-22,0.31,BF.7.14*
2023-02-22,0.0,XBB.1.16*
2023-02-22,0.01,XBB.1.5*
2023-02-22,0.0,XBB.1.22*
2023-02-23,0.7122302158273381,BA.5.2*
2023-02-23,0.0,XBB.1.9*
2023-02-23,0.2589928057553957,BF.7.14*
2023-02-23,0.0,XBB.1.16*
2023-02-23,0.014388489208633094,XBB.1.5*
2023-02-23,0.0,XBB.1.22*
2023-02-24,0.6854460093896714,BA.5.2*
2023-02-24,0.0,XBB.1.9*
2023-02-24,0.26291079812206575,BF.7.14*
2023-02-24,0.0,XBB.1.16*
2023-02-24,0.023474178403755867,XBB.1.5*
2023-02-24,0.0,XBB.1.22*
2023-02-25,0.6891891891891891,BA.5.2*
2023-02-25,0.02702702702702703,XBB.1.9*
2023-02-25,0.21621621621621623,BF.7.14*
2023-02-25,0.0,XBB.1.16*
2023-02-25,0.04054054054054054,XBB.1.5*
2023-02-25,0.0,XBB.1.22*
2023-02-26,0.6785714285714286,BA.5.2*
2023-02-26,0.0,XBB.1.9*
2023-02-26,0.2976190476190476,BF.7.14*
2023-02-26,0.0,XBB.1.16*
2023-02-26,0.011904761904761904,XBB.1.5*
2023-02-26,0.0,XBB.1.22*
2023-02-27,0.608433734939759,BA.5.2*
2023-02-27,0.0,XBB.1.9*
2023-02-27,0.35542168674698793,BF.7.14*
2023-02-27,0.0,XBB.1.16*
2023-02-27,0.0,XBB.1.5*
2023-02-27,0.0,XBB.1.22*
2023-02-28,0.5894736842105263,BA.5.2*
2023-02-28,0.015789473684210527,XBB.1.9*
2023-02-28,0.3473684210526316,BF.7.14*
2023-02-28,0.0,XBB.1.16*
2023-02-28,0.010526315789473684,XBB.1.5*
2023-02-28,0.0,XBB.1.22*
2023-03-01,0.6785714285714286,BA.5.2*
2023-03-01,0.017857142857142856,XBB.1.9*
2023-03-01,0.25,BF.7.14*
2023-03-01,0.0,XBB.1.16*
2023-03-01,0.0,XBB.1.5*
2023-03-01,0.0,XBB.1.22*
2023-03-02,0.7258064516129032,BA.5.2*
2023-03-02,0.024193548387096774,XBB.1.9*
2023-03-02,0.1935483870967742,BF.7.14*
2023-03-02,0.0,XBB.1.16*
2023-03-02,0.016129032258064516,XBB.1.5*
2023-03-02,0.0,XBB.1.22*
2023-03-03,0.6502057613168725,BA.5.2*
2023-03-03,0.00411522633744856,XBB.1.9*
2023-03-03,0.3168724279835391,BF.7.14*
2023-03-03,0.0,XBB.1.16*
2023-03-03,0.012345679012345678,XBB.1.5*
2023-03-03,0.0,XBB.1.22*
2023-03-04,0.7213114754098361,BA.5.2*
2023-03-04,0.0,XBB.1.9*
2023-03-04,0.22950819672131148,BF.7.14*
2023-03-04,0.0,XBB.1.16*
2023-03-04,0.01639344262295082,XBB.1.5*
2023-03-04,0.0,XBB.1.22*
2023-03-05,0.6119402985074627,BA.5.2*
2023-03-05,0.014925373134328358,XBB.1.9*
2023-03-05,0.31343283582089554,BF.7.14*
2023-03-05,0.0,XBB.1.16*
2023-03-05,0.04477611940298507,XBB.1.5*
2023-03-05,0.0,XBB.1.22*
2023-03-06,0.6684491978609626,BA.5.2*
2023-03-06,0.0053475935828877,XBB.1.9*
2023-03-06,0.29411764705882354,BF.7.14*
2023-03-06,0.0,XBB.1.16*
2023-03-06,0.0,XBB.1.5*
2023-03-06,0.0,XBB.1.22*
2023-03-07,0.6194029850746269,BA.5.2*
2023-03-07,0.007462686567164179,XBB.1.9*
2023-03-07,0.34328358208955223,BF.7.14*
2023-03-07,0.0,XBB.1.16*
2023-03-07,0.0,XBB.1.5*
2023-03-07,0.0,XBB.1.22*
2023-03-08,0.5982905982905983,BA.5.2*
2023-03-08,0.008547008547008548,XBB.1.9*
2023-03-08,0.38461538461538464,BF.7.14*
2023-03-08,0.0,XBB.1.16*
2023-03-08,0.0,XBB.1.5*
2023-03-08,0.0,XBB.1.22*
2023-03-09,0.6633663366336634,BA.5.2*
2023-03-09,0.0,XBB.1.9*
2023-03-09,0.2871287128712871,BF.7.14*
2023-03-09,0.0,XBB.1.16*
2023-03-09,0.009900990099009901,XBB.1.5*
2023-03-09,0.0,XBB.1.22*
2023-03-10,0.6358695652173914,BA.5.2*
2023-03-10,0.005434782608695652,XBB.1.9*
2023-03-10,0.32065217391304346,BF.7.14*
2023-03-10,0.0,XBB.1.16*
2023-03-10,0.010869565217391304,XBB.1.5*
2023-03-10,0.0,XBB.1.22*
2023-03-11,0.45,BA.5.2*
2023-03-11,0.075,XBB.1.9*
2023-03-11,0.4125,BF.7.14*
2023-03-11,0.0,XBB.1.16*
2023-03-11,0.05,XBB.1.5*
2023-03-11,0.0,XBB.1.22*
2023-03-12,0.6865671641791045,BA.5.2*
2023-03-12,0.0,XBB.1.9*
2023-03-12,0.29850746268656714,BF.7.14*
2023-03-12,0.0,XBB.1.16*
2023-03-12,0.0,XBB.1.5*
2023-03-12,0.0,XBB.1.22*
2023-03-13,0.6083916083916084,BA.5.2*
2023-03-13,0.006993006993006993,XBB.1.9*
2023-03-13,0.35664335664335667,BF.7.14*
2023-03-13,0.0,XBB.1.16*
2023-03-13,0.006993006993006993,XBB.1.5*
2023-03-13,0.0,XBB.1.22*
2023-03-14,0.6343283582089553,BA.5.2*
2023-03-14,0.007462686567164179,XBB.1.9*
2023-03-14,0.35074626865671643,BF.7.14*
2023-03-14,0.0,XBB.1.16*
2023-03-14,0.0,XBB.1.5*
2023-03-14,0.0,XBB.1.22*
2023-03-15,0.6813186813186813,BA.5.2*
2023-03-15,0.0,XBB.1.9*
2023-03-15,0.24175824175824176,BF.7.14*
2023-03-15,0.0,XBB.1.16*
2023-03-15,0.01098901098901099,XBB.1.5*
2023-03-15,0.01098901098901099,XBB.1.22*
2023-03-16,0.7008547008547008,BA.5.2*
2023-03-16,0.008547008547008548,XBB.1.9*
2023-03-16,0.2564102564102564,BF.7.14*
2023-03-16,0.0,XBB.1.16*
2023-03-16,0.02564102564102564,XBB.1.5*
2023-03-16,0.0,XBB.1.22*
2023-03-17,0.5789473684210527,BA.5.2*
2023-03-17,0.006578947368421052,XBB.1.9*
2023-03-17,0.3815789473684211,BF.7.14*
2023-03-17,0.0,XBB.1.16*
2023-03-17,0.006578947368421052,XBB.1.5*
2023-03-17,0.0,XBB.1.22*
2023-03-18,0.8,BA.5.2*
2023-03-18,0.014285714285714285,XBB.1.9*
2023-03-18,0.15714285714285714,BF.7.14*
2023-03-18,0.014285714285714285,XBB.1.16*
2023-03-18,0.0,XBB.1.5*
2023-03-18,0.0,XBB.1.22*
2023-03-19,0.4032258064516129,BA.5.2*
2023-03-19,0.0,XBB.1.9*
2023-03-19,0.532258064516129,BF.7.14*
2023-03-19,0.0,XBB.1.16*
2023-03-19,0.016129032258064516,XBB.1.5*
2023-03-19,0.0,XBB.1.22*
2023-03-20,0.5507246376811594,BA.5.2*
2023-03-20,0.007246376811594203,XBB.1.9*
2023-03-20,0.36231884057971014,BF.7.14*
2023-03-20,0.007246376811594203,XBB.1.16*
2023-03-20,0.028985507246376812,XBB.1.5*
2023-03-20,0.0,XBB.1.22*
2023-03-21,0.5785123966942148,BA.5.2*
2023-03-21,0.0,XBB.1.9*
2023-03-21,0.32231404958677684,BF.7.14*
2023-03-21,0.0,XBB.1.16*
2023-03-21,0.04132231404958678,XBB.1.5*
2023-03-21,0.008264462809917356,XBB.1.22*
2023-03-22,0.5263157894736842,BA.5.2*
2023-03-22,0.10526315789473684,XBB.1.9*
2023-03-22,0.3026315789473684,BF.7.14*
2023-03-22,0.0,XBB.1.16*
2023-03-22,0.02631578947368421,XBB.1.5*
2023-03-22,0.0,XBB.1.22*
2023-03-23,0.5274725274725275,BA.5.2*
2023-03-23,0.04395604395604396,XBB.1.9*
2023-03-23,0.32967032967032966,BF.7.14*
2023-03-23,0.01098901098901099,XBB.1.16*
2023-03-23,0.01098901098901099,XBB.1.5*
2023-03-23,0.0,XBB.1.22*
2023-03-24,0.37777777777777777,BA.5.2*
2023-03-24,0.1,XBB.1.9*
2023-03-24,0.3333333333333333,BF.7.14*
2023-03-24,0.0,XBB.1.16*
2023-03-24,0.03333333333333333,XBB.1.5*
2023-03-24,0.0,XBB.1.22*
2023-03-25,0.5737704918032787,BA.5.2*
2023-03-25,0.04918032786885246,XBB.1.9*
2023-03-25,0.26229508196721313,BF.7.14*
2023-03-25,0.0,XBB.1.16*
2023-03-25,0.04918032786885246,XBB.1.5*
2023-03-25,0.0,XBB.1.22*
2023-03-26,0.4657534246575342,BA.5.2*
2023-03-26,0.0821917808219178,XBB.1.9*
2023-03-26,0.3013698630136986,BF.7.14*
2023-03-26,0.0,XBB.1.16*
2023-03-26,0.0821917808219178,XBB.1.5*
2023-03-26,0.0136986301369863,XBB.1.22*
2023-03-27,0.5315315315315315,BA.5.2*
2023-03-27,0.06306306306306306,XBB.1.9*
2023-03-27,0.36036036036036034,BF.7.14*
2023-03-27,0.018018018018018018,XBB.1.16*
2023-03-27,0.009009009009009009,XBB.1.5*
2023-03-27,0.018018018018018018,XBB.1.22*
2023-03-28,0.5619047619047619,BA.5.2*
2023-03-28,0.05714285714285714,XBB.1.9*
2023-03-28,0.21904761904761905,BF.7.14*
2023-03-28,0.0380952380952381,XBB.1.16*
2023-03-28,0.05714285714285714,XBB.1.5*
2023-03-28,0.009523809523809525,XBB.1.22*
2023-03-29,0.5057471264367817,BA.5.2*
2023-03-29,0.04597701149425287,XBB.1.9*
2023-03-29,0.26436781609195403,BF.7.14*
2023-03-29,0.011494252873563218,XBB.1.16*
2023-03-29,0.04597701149425287,XBB.1.5*
2023-03-29,0.034482758620689655,XBB.1.22*
2023-03-30,0.3939393939393939,BA.5.2*
2023-03-30,0.12121212121212122,XBB.1.9*
2023-03-30,0.19696969696969696,BF.7.14*
2023-03-30,0.030303030303030304,XBB.1.16*
2023-03-30,0.15151515151515152,XBB.1.5*
2023-03-30,0.0,XBB.1.22*
2023-03-31,0.375,BA.5.2*
2023-03-31,0.09375,XBB.1.9*
2023-03-31,0.3541666666666667,BF.7.14*
2023-03-31,0.0,XBB.1.16*
2023-03-31,0.07291666666666667,XBB.1.5*
2023-03-31,0.020833333333333332,XBB.1.22*
2023-04-01,0.33653846153846156,BA.5.2*
2023-04-01,0.07692307692307693,XBB.1.9*
2023-04-01,0.21153846153846154,BF.7.14*
2023-04-01,0.09615384615384616,XBB.1.16*
2023-04-01,0.038461538461538464,XBB.1.5*
2023-04-01,0.1346153846153846,XBB.1.22*
2023-04-02,0.30666666666666664,BA.5.2*
2023-04-02,0.05333333333333334,XBB.1.9*
2023-04-02,0.26666666666666666,BF.7.14*
2023-04-02,0.22666666666666666,XBB.1.16*
2023-04-02,0.08,XBB.1.5*
2023-04-02,0.0,XBB.1.22*
2023-04-03,0.39823008849557523,BA.5.2*
2023-04-03,0.02654867256637168,XBB.1.9*
2023-04-03,0.3008849557522124,BF.7.14*
2023-04-03,0.05309734513274336,XBB.1.16*
2023-04-03,0.04424778761061947,XBB.1.5*
2023-04-03,0.017699115044247787,XBB.1.22*
2023-04-04,0.23684210526315788,BA.5.2*
2023-04-04,0.13157894736842105,XBB.1.9*
2023-04-04,0.3026315789473684,BF.7.14*
2023-04-04,0.06578947368421052,XBB.1.16*
2023-04-04,0.10526315789473684,XBB.1.5*
2023-04-04,0.02631578947368421,XBB.1.22*
2023-04-05,0.3246753246753247,BA.5.2*
2023-04-05,0.05194805194805195,XBB.1.9*
2023-04-05,0.36363636363636365,BF.7.14*
2023-04-05,0.012987012987012988,XBB.1.16*
2023-04-05,0.09090909090909091,XBB.1.5*
2023-04-05,0.025974025974025976,XBB.1.22*
2023-04-06,0.3711340206185567,BA.5.2*
2023-04-06,0.061855670103092786,XBB.1.9*
2023-04-06,0.31958762886597936,BF.7.14*
2023-04-06,0.020618556701030927,XBB.1.16*
2023-04-06,0.09278350515463918,XBB.1.5*
2023-04-06,0.010309278350515464,XBB.1.22*
2023-04-07,0.2231404958677686,BA.5.2*
2023-04-07,0.09917355371900827,XBB.1.9*
2023-04-07,0.36363636363636365,BF.7.14*
2023-04-07,0.04132231404958678,XBB.1.16*
2023-04-07,0.06611570247933884,XBB.1.5*
2023-04-07,0.024793388429752067,XBB.1.22*
2023-04-08,0.34545454545454546,BA.5.2*
2023-04-08,0.12727272727272726,XBB.1.9*
2023-04-08,0.21818181818181817,BF.7.14*
2023-04-08,0.05454545454545454,XBB.1.16*
2023-04-08,0.12727272727272726,XBB.1.5*
2023-04-08,0.03636363636363636,XBB.1.22*
2023-04-09,0.3584905660377358,BA.5.2*
2023-04-09,0.03773584905660377,XBB.1.9*
2023-04-09,0.1509433962264151,BF.7.14*
2023-04-09,0.018867924528301886,XBB.1.16*
2023-04-09,0.1509433962264151,XBB.1.5*
2023-04-09,0.03773584905660377,XBB.1.22*
2023-04-10,0.4766355140186916,BA.5.2*
2023-04-10,0.11214953271028037,XBB.1.9*
2023-04-10,0.2336448598130841,BF.7.14*
2023-04-10,0.028037383177570093,XBB.1.16*
2023-04-10,0.056074766355140186,XBB.1.5*
2023-04-10,0.028037383177570093,XBB.1.22*
2023-04-11,0.46153846153846156,BA.5.2*
2023-04-11,0.07692307692307693,XBB.1.9*
2023-04-11,0.25,BF.7.14*
2023-04-11,0.07692307692307693,XBB.1.16*
2023-04-11,0.057692307692307696,XBB.1.5*
2023-04-11,0.0,XBB.1.22*
2023-04-12,0.32786885245901637,BA.5.2*
2023-04-12,0.11475409836065574,XBB.1.9*
2023-04-12,0.16393442622950818,BF.7.14*
2023-04-12,0.11475409836065574,XBB.1.16*
2023-04-12,0.04918032786885246,XBB.1.5*
2023-04-12,0.06557377049180328,XBB.1.22*
2023-04-13,0.36507936507936506,BA.5.2*
2023-04-13,0.1746031746031746,XBB.1.9*
2023-04-13,0.06349206349206349,BF.7.14*
2023-04-13,0.06349206349206349,XBB.1.16*
2023-04-13,0.15873015873015872,XBB.1.5*
2023-04-13,0.031746031746031744,XBB.1.22*
2023-04-14,0.3229166666666667,BA.5.2*
2023-04-14,0.17708333333333334,XBB.1.9*
2023-04-14,0.11458333333333333,BF.7.14*
2023-04-14,0.0625,XBB.1.16*
2023-04-14,0.125,XBB.1.5*
2023-04-14,0.03125,XBB.1.22*
2023-04-15,0.21428571428571427,BA.5.2*
2023-04-15,0.09523809523809523,XBB.1.9*
2023-04-15,0.16666666666666666,BF.7.14*
2023-04-15,0.14285714285714285,XBB.1.16*
2023-04-15,0.2619047619047619,XBB.1.5*
2023-04-15,0.0,XBB.1.22*
2023-04-16,0.1935483870967742,BA.5.2*
2023-04-16,0.11827956989247312,XBB.1.9*
2023-04-16,0.1827956989247312,BF.7.14*
2023-04-16,0.11827956989247312,XBB.1.16*
2023-04-16,0.13978494623655913,XBB.1.5*
2023-04-16,0.03225806451612903,XBB.1.22*
2023-04-17,0.2721518987341772,BA.5.2*
2023-04-17,0.0949367088607595,XBB.1.9*
2023-04-17,0.2088607594936709,BF.7.14*
2023-04-17,0.13291139240506328,XBB.1.16*
2023-04-17,0.11392405063291139,XBB.1.5*
2023-04-17,0.0379746835443038,XBB.1.22*
2023-04-18,0.296551724137931,BA.5.2*
2023-04-18,0.14482758620689656,XBB.1.9*
2023-04-18,0.15172413793103448,BF.7.14*
2023-04-18,0.1103448275862069,XBB.1.16*
2023-04-18,0.14482758620689656,XBB.1.5*
2023-04-18,0.04827586206896552,XBB.1.22*
2023-04-19,0.14189189189189189,BA.5.2*
2023-04-19,0.16891891891891891,XBB.1.9*
2023-04-19,0.08783783783783784,BF.7.14*
2023-04-19,0.19594594594594594,XBB.1.16*
2023-04-19,0.1554054054054054,XBB.1.5*
2023-04-19,0.1554054054054054,XBB.1.22*
2023-04-20,0.11320754716981132,BA.5.2*
2023-04-20,0.22641509433962265,XBB.1.9*
2023-04-20,0.07547169811320754,BF.7.14*
2023-04-20,0.23270440251572327,XBB.1.16*
2023-04-20,0.18238993710691823,XBB.1.5*
2023-04-20,0.05660377358490566,XBB.1.22*
2023-04-21,0.128,BA.5.2*
2023-04-21,0.192,XBB.1.9*
2023-04-21,0.104,BF.7.14*
2023-04-21,0.208,XBB.1.16*
2023-04-21,0.216,XBB.1.5*
2023-04-21,0.032,XBB.1.22*
2023-04-22,0.1368421052631579,BA.5.2*
2023-04-22,0.22105263157894736,XBB.1.9*
2023-04-22,0.05263157894736842,BF.7.14*
2023-04-22,0.23157894736842105,XBB.1.16*
2023-04-22,0.15789473684210525,XBB.1.5*
2023-04-22,0.06315789473684211,XBB.1.22*
2023-04-23,0.1201923076923077,BA.5.2*
2023-04-23,0.25961538461538464,XBB.1.9*
2023-04-23,0.09615384615384616,BF.7.14*
2023-04-23,0.1971153846153846,XBB.1.16*
2023-04-23,0.1971153846153846,XBB.1.5*
2023-04-23,0.03365384615384615,XBB.1.22*
2023-04-24,0.11764705882352941,BA.5.2*
2023-04-24,0.28431372549019607,XBB.1.9*
2023-04-24,0.07352941176470588,BF.7.14*
2023-04-24,0.1323529411764706,XBB.1.16*
2023-04-24,0.20098039215686275,XBB.1.5*
2023-04-24,0.05392156862745098,XBB.1.22*
2023-04-25,0.13991769547325103,BA.5.2*
2023-04-25,0.29218106995884774,XBB.1.9*
2023-04-25,0.06584362139917696,BF.7.14*
2023-04-25,0.17695473251028807,XBB.1.16*
2023-04-25,0.18106995884773663,XBB.1.5*
2023-04-25,0.04526748971193416,XBB.1.22*
2023-04-26,0.07518796992481203,BA.5.2*
2023-04-26,0.32706766917293234,XBB.1.9*
2023-04-26,0.08270676691729323,BF.7.14*
2023-04-26,0.19924812030075187,XBB.1.16*
2023-04-26,0.16541353383458646,XBB.1.5*
2023-04-26,0.03007518796992481,XBB.1.22*
2023-04-27,0.0430622009569378,BA.5.2*
2023-04-27,0.36363636363636365,XBB.1.9*
2023-04-27,0.0430622009569378,BF.7.14*
2023-04-27,0.19138755980861244,XBB.1.16*
2023-04-27,0.14354066985645933,XBB.1.5*
2023-04-27,0.05263157894736842,XBB.1.22*
2023-04-28,0.039603960396039604,BA.5.2*
2023-04-28,0.3564356435643564,XBB.1.9*
2023-04-28,0.06930693069306931,BF.7.14*
2023-04-28,0.18316831683168316,XBB.1.16*
2023-04-28,0.19801980198019803,XBB.1.5*
2023-04-28,0.04950495049504951,XBB.1.22*
2023-04-29,0.011904761904761904,BA.5.2*
2023-04-29,0.4880952380952381,XBB.1.9*
2023-04-29,0.02976190476190476,BF.7.14*
2023-04-29,0.16071428571428573,XBB.1.16*
2023-04-29,0.16071428571428573,XBB.1.5*
2023-04-29,0.03571428571428571,XBB.1.22*
2023-04-30,0.04697986577181208,BA.5.2*
2023-04-30,0.4563758389261745,XBB.1.9*
2023-04-30,0.03355704697986577,BF.7.14*
2023-04-30,0.11409395973154363,XBB.1.16*
2023-04-30,0.15436241610738255,XBB.1.5*
2023-04-30,0.03355704697986577,XBB.1.22*
2023-05-01,0.014450867052023121,BA.5.2*
2023-05-01,0.31213872832369943,XBB.1.9*
2023-05-01,0.014450867052023121,BF.7.14*
2023-05-01,0.2254335260115607,XBB.1.16*
2023-05-01,0.13583815028901733,XBB.1.5*
2023-05-01,0.06358381502890173,XBB.1.22*
2023-05-02,0.04296875,BA.5.2*
2023-05-02,0.38671875,XBB.1.9*
2023-05-02,0.015625,BF.7.14*
2023-05-02,0.203125,XBB.1.16*
2023-05-02,0.109375,XBB.1.5*
2023-05-02,0.0859375,XBB.1.22*
2023-05-03,0.037463976945244955,BA.5.2*
2023-05-03,0.39481268011527376,XBB.1.9*
2023-05-03,0.037463976945244955,BF.7.14*
2023-05-03,0.24495677233429394,XBB.1.16*
2023-05-03,0.11815561959654179,XBB.1.5*
2023-05-03,0.06340057636887608,XBB.1.22*
2023-05-04,0.015957446808510637,BA.5.2*
2023-05-04,0.5026595744680851,XBB.1.9*
2023-05-04,0.010638297872340425,BF.7.14*
2023-05-04,0.2047872340425532,XBB.1.16*
2023-05-04,0.11436170212765957,XBB.1.5*
2023-05-04,0.05585106382978723,XBB.1.22*
2023-05-05,0.019305019305019305,BA.5.2*
2023-05-05,0.39768339768339767,XBB.1.9*
2023-05-05,0.023166023166023165,BF.7.14*
2023-05-05,0.17374517374517376,XBB.1.16*
2023-05-05,0.15057915057915058,XBB.1.5*
2023-05-05,0.09266409266409266,XBB.1.22*
2023-05-06,0.004424778761061947,BA.5.2*
2023-05-06,0.415929203539823,XBB.1.9*
2023-05-06,0.01327433628318584,BF.7.14*
2023-05-06,0.24778761061946902,XBB.1.16*
2023-05-06,0.13716814159292035,XBB.1.5*
2023-05-06,0.05309734513274336,XBB.1.22*
2023-05-07,0.006134969325153374,BA.5.2*
2023-05-07,0.3558282208588957,XBB.1.9*
2023-05-07,0.012269938650306749,BF.7.14*
2023-05-07,0.18404907975460122,XBB.1.16*
2023-05-07,0.2392638036809816,XBB.1.5*
2023-05-07,0.024539877300613498,XBB.1.22*
2023-05-08,0.025547445255474453,BA.5.2*
2023-05-08,0.38321167883211676,XBB.1.9*
2023-05-08,0.029197080291970802,BF.7.14*
2023-05-08,0.1897810218978102,XBB.1.16*
2023-05-08,0.15693430656934307,XBB.1.5*
2023-05-08,0.10218978102189781,XBB.1.22*
2023-05-09,0.03389830508474576,BA.5.2*
2023-05-09,0.3771186440677966,XBB.1.9*
2023-05-09,0.00847457627118644,BF.7.14*
2023-05-09,0.22033898305084745,XBB.1.16*
2023-05-09,0.1652542372881356,XBB.1.5*
2023-05-09,0.08898305084745763,XBB.1.22*
2023-05-10,0.0078125,BA.5.2*
2023-05-10,0.41796875,XBB.1.9*
2023-05-10,0.015625,BF.7.14*
2023-05-10,0.2578125,XBB.1.16*
2023-05-10,0.15625,XBB.1.5*
2023-05-10,0.09375,XBB.1.22*
2023-05-11,0.020202020202020204,BA.5.2*
2023-05-11,0.40404040404040403,XBB.1.9*
2023-05-11,0.005050505050505051,BF.7.14*
2023-05-11,0.18686868686868688,XBB.1.16*
2023-05-11,0.14646464646464646,XBB.1.5*
2023-05-11,0.1111111111111111,XBB.1.22*
2023-05-12,0.0,BA.5.2*
2023-05-12,0.3805309734513274,XBB.1.9*
2023-05-12,0.0,BF.7.14*
2023-05-12,0.22123893805309736,XBB.1.16*
2023-05-12,0.1592920353982301,XBB.1.5*
2023-05-12,0.10619469026548672,XBB.1.22*
2023-05-13,0.0,BA.5.2*
2023-05-13,0.40601503759398494,XBB.1.9*
2023-05-13,0.0,BF.7.14*
2023-05-13,0.24812030075187969,XBB.1.16*
2023-05-13,0.14285714285714285,XBB.1.5*
2023-05-13,0.045112781954887216,XBB.1.22*
2023-05-14,0.005208333333333333,BA.5.2*
2023-05-14,0.3802083333333333,XBB.1.9*
2023-05-14,0.010416666666666666,BF.7.14*
2023-05-14,0.3177083333333333,XBB.1.16*
2023-05-14,0.11458333333333333,XBB.1.5*
2023-05-14,0.0625,XBB.1.22*
2023-05-15,0.010526315789473684,BA.5.2*
2023-05-15,0.32280701754385965,XBB.1.9*
2023-05-15,0.010526315789473684,BF.7.14*
2023-05-15,0.3333333333333333,XBB.1.16*
2023-05-15,0.16140350877192983,XBB.1.5*
2023-05-15,0.08771929824561403,XBB.1.22*
2023-05-16,0.00684931506849315,BA.5.2*
2023-05-16,0.3527397260273973,XBB.1.9*
2023-05-16,0.003424657534246575,BF.7.14*
2023-05-16,0.2979452054794521,XBB.1.16*
2023-05-16,0.11986301369863013,XBB.1.5*
2023-05-16,0.11301369863013698,XBB.1.22*
2023-05-17,0.00423728813559322,BA.5.2*
2023-05-17,0.3432203389830508,XBB.1.9*
2023-05-17,0.00847457627118644,BF.7.14*
2023-05-17,0.3389830508474576,XBB.1.16*
2023-05-17,0.13135593220338984,XBB.1.5*
2023-05-17,0.09322033898305085,XBB.1.22*
2023-05-18,0.0,BA.5.2*
2023-05-18,0.4090909090909091,XBB.1.9*
2023-05-18,0.0,BF.7.14*
2023-05-18,0.21212121212121213,XBB.1.16*
2023-05-18,0.14393939393939395,XBB.1.5*
2023-05-18,0.11363636363636363,XBB.1.22*
2023-05-19,0.0,BA.5.2*
2023-05-19,0.3694581280788177,XBB.1.9*
2023-05-19,0.0,BF.7.14*
2023-05-19,0.2019704433497537,XBB.1.16*
2023-05-19,0.1921182266009852,XBB.1.5*
2023-05-19,0.11330049261083744,XBB.1.22*
2023-05-20,0.007751937984496124,BA.5.2*
2023-05-20,0.4806201550387597,XBB.1.9*
2023-05-20,0.0,BF.7.14*
2023-05-20,0.15503875968992248,XBB.1.16*
2023-05-20,0.17054263565891473,XBB.1.5*
2023-05-20,0.06201550387596899,XBB.1.22*
2023-05-21,0.0,BA.5.2*
2023-05-21,0.32051282051282054,XBB.1.9*
2023-05-21,0.0,BF.7.14*
2023-05-21,0.3782051282051282,XBB.1.16*
2023-05-21,0.10897435897435898,XBB.1.5*
2023-05-21,0.09615384615384616,XBB.1.22*
2023-05-22,0.0034965034965034965,BA.5.2*
2023-05-22,0.46153846153846156,XBB.1.9*
2023-05-22,0.0,BF.7.14*
2023-05-22,0.24125874125874125,XBB.1.16*
2023-05-22,0.10139860139860139,XBB.1.5*
2023-05-22,0.08041958041958042,XBB.1.22*
2023-05-23,0.008771929824561403,BA.5.2*
2023-05-23,0.4473684210526316,XBB.1.9*
2023-05-23,0.0043859649122807015,BF.7.14*
2023-05-23,0.21929824561403508,XBB.1.16*
2023-05-23,0.14035087719298245,XBB.1.5*
2023-05-23,0.05701754385964912,XBB.1.22*
2023-05-24,0.0,BA.5.2*
2023-05-24,0.3561643835616438,XBB.1.9*
2023-05-24,0.0,BF.7.14*
2023-05-24,0.273972602739726,XBB.1.16*
2023-05-24,0.1415525114155251,XBB.1.5*
2023-05-24,0.1461187214611872,XBB.1.22*
2023-05-25,0.0,BA.5.2*
2023-05-25,0.48026315789473684,XBB.1.9*
2023-05-25,0.006578947368421052,BF.7.14*
2023-05-25,0.25,XBB.1.16*
2023-05-25,0.10526315789473684,XBB.1.5*
2023-05-25,0.05921052631578947,XBB.1.22*
2023-05-26,0.0,BA.5.2*
2023-05-26,0.3983050847457627,XBB.1.9*
2023-05-26,0.0,BF.7.14*
2023-05-26,0.2796610169491525,XBB.1.16*
2023-05-26,0.1694915254237288,XBB.1.5*
2023-05-26,0.07627118644067797,XBB.1.22*
2023-05-27,0.0,BA.5.2*
2023-05-27,0.30578512396694213,XBB.1.9*
2023-05-27,0.0,BF.7.14*
2023-05-27,0.30578512396694213,XBB.1.16*
2023-05-27,0.11570247933884298,XBB.1.5*
2023-05-27,0.10743801652892562,XBB.1.22*
2023-05-28,0.0,BA.5.2*
2023-05-28,0.3392857142857143,XBB.1.9*
2023-05-28,0.0,BF.7.14*
2023-05-28,0.27380952380952384,XBB.1.16*
2023-05-28,0.13690476190476192,XBB.1.5*
2023-05-28,0.08928571428571429,XBB.1.22*
2023-05-29,0.0,BA.5.2*
2023-05-29,0.4302788844621514,XBB.1.9*
2023-05-29,0.0,BF.7.14*
2023-05-29,0.29880478087649404,XBB.1.16*
2023-05-29,0.10358565737051793,XBB.1.5*
2023-05-29,0.09561752988047809,XBB.1.22*
2023-05-30,0.00398406374501992,BA.5.2*
2023-05-30,0.2868525896414343,XBB.1.9*
2023-05-30,0.0,BF.7.14*
2023-05-30,0.3346613545816733,XBB.1.16*
2023-05-30,0.13545816733067728,XBB.1.5*
2023-05-30,0.10756972111553785,XBB.1.22*
2023-05-31,0.0,BA.5.2*
2023-05-31,0.38,XBB.1.9*
2023-05-31,0.0,BF.7.14*
2023-05-31,0.36,XBB.1.16*
2023-05-31,0.08,XBB.1.5*
2023-05-31,0.11,XBB.1.22*
2023-06-01,0.0,BA.5.2*
2023-06-01,0.42857142857142855,XBB.1.9*
2023-06-01,0.0,BF.7.14*
2023-06-01,0.3051948051948052,XBB.1.16*
2023-06-01,0.08441558441558442,XBB.1.5*
2023-06-01,0.12337662337662338,XBB.1.22*
2023-06-02,0.0,BA.5.2*
2023-06-02,0.4789915966386555,XBB.1.9*
2023-06-02,0.0,BF.7.14*
2023-06-02,0.19327731092436976,XBB.1.16*
2023-06-02,0.07563025210084033,XBB.1.5*
2023-06-02,0.09243697478991597,XBB.1.22*
2023-06-03,0.0,BA.5.2*
2023-06-03,0.5,XBB.1.9*
2023-06-03,0.0,BF.7.14*
2023-06-03,0.21428571428571427,XBB.1.16*
2023-06-03,0.11224489795918367,XBB.1.5*
2023-06-03,0.061224489795918366,XBB.1.22*
2023-06-04,0.0,BA.5.2*
2023-06-04,0.4,XBB.1.9*
2023-06-04,0.0,BF.7.14*
2023-06-04,0.352,XBB.1.16*
2023-06-04,0.032,XBB.1.5*
2023-06-04,0.112,XBB.1.22*
2023-06-05,0.008928571428571428,BA.5.2*
2023-06-05,0.4107142857142857,XBB.1.9*
2023-06-05,0.004464285714285714,BF.7.14*
2023-06-05,0.26785714285714285,XBB.1.16*
2023-06-05,0.08035714285714286,XBB.1.5*
2023-06-05,0.10267857142857142,XBB.1.22*
2023-06-06,0.0,BA.5.2*
2023-06-06,0.41624365482233505,XBB.1.9*
2023-06-06,0.0,BF.7.14*
2023-06-06,0.2639593908629442,XBB.1.16*
2023-06-06,0.1065989847715736,XBB.1.5*
2023-06-06,0.1218274111675127,XBB.1.22*
2023-06-07,0.0,BA.5.2*
2023-06-07,0.47058823529411764,XBB.1.9*
2023-06-07,0.0,BF.7.14*
2023-06-07,0.25735294117647056,XBB.1.16*
2023-06-07,0.09558823529411764,XBB.1.5*
2023-06-07,0.08088235294117647,XBB.1.22*
2023-06-08,0.0,BA.5.2*
2023-06-08,0.39215686274509803,XBB.1.9*
2023-06-08,0.0,BF.7.14*
2023-06-08,0.2647058823529412,XBB.1.16*
2023-06-08,0.13725490196078433,XBB.1.5*
2023-06-08,0.11764705882352941,XBB.1.22*
2023-06-09,0.0,BA.5.2*
2023-06-09,0.4578313253012048,XBB.1.9*
2023-06-09,0.0,BF.7.14*
2023-06-09,0.27710843373493976,XBB.1.16*
2023-06-09,0.04819277108433735,XBB.1.5*
2023-06-09,0.14457831325301204,XBB.1.22*
2023-06-10,0.0,BA.5.2*
2023-06-10,0.3424657534246575,XBB.1.9*
2023-06-10,0.0,BF.7.14*
2023-06-10,0.3287671232876712,XBB.1.16*
2023-06-10,0.1506849315068493,XBB.1.5*
2023-06-10,0.1232876712328767,XBB.1.22*
2023-06-11,0.0,BA.5.2*
2023-06-11,0.41509433962264153,XBB.1.9*
2023-06-11,0.0,BF.7.14*
2023-06-11,0.2830188679245283,XBB.1.16*
2023-06-11,0.11320754716981132,XBB.1.5*
2023-06-11,0.08490566037735849,XBB.1.22*
2023-06-12,0.0,BA.5.2*
2023-06-12,0.48484848484848486,XBB.1.9*
2023-06-12,0.0,BF.7.14*
2023-06-12,0.2222222222222222,XBB.1.16*
2023-06-12,0.08585858585858586,XBB.1.5*
2023-06-12,0.13131313131313133,XBB.1.22*
2023-06-13,0.0,BA.5.2*
2023-06-13,0.3665158371040724,XBB.1.9*
2023-06-13,0.004524886877828055,BF.7.14*
2023-06-13,0.26244343891402716,XBB.1.16*
2023-06-13,0.049773755656108594,XBB.1.5*
2023-06-13,0.18099547511312217,XBB.1.22*
2023-06-14,0.0,BA.5.2*
2023-06-14,0.41899441340782123,XBB.1.9*
2023-06-14,0.0,BF.7.14*
2023-06-14,0.329608938547486,XBB.1.16*
2023-06-14,0.08379888268156424,XBB.1.5*
2023-06-14,0.10614525139664804,XBB.1.22*
2023-06-15,0.011111111111111112,BA.5.2*
2023-06-15,0.4888888888888889,XBB.1.9*
2023-06-15,0.0,BF.7.14*
2023-06-15,0.24444444444444444,XBB.1.16*
2023-06-15,0.05555555555555555,XBB.1.5*
2023-06-15,0.08888888888888889,XBB.1.22*
2023-06-16,0.0,BA.5.2*
2023-06-16,0.4675324675324675,XBB.1.9*
2023-06-16,0.0,BF.7.14*
2023-06-16,0.3246753246753247,XBB.1.16*
2023-06-16,0.07792207792207792,XBB.1.5*
2023-06-16,0.06493506493506493,XBB.1.22*
2023-06-17,0.0,BA.5.2*
2023-06-17,0.4107142857142857,XBB.1.9*
2023-06-17,0.0,BF.7.14*
2023-06-17,0.35714285714285715,XBB.1.16*
2023-06-17,0.017857142857142856,XBB.1.5*
2023-06-17,0.125,XBB.1.22*
2023-06-18,0.0,BA.5.2*
2023-06-18,0.4132231404958678,XBB.1.9*
2023-06-18,0.0,BF.7.14*
2023-06-18,0.2727272727272727,XBB.1.16*
2023-06-18,0.03305785123966942,XBB.1.5*
2023-06-18,0.14049586776859505,XBB.1.22*
2023-06-19,0.0,BA.5.2*
2023-06-19,0.4911242603550296,XBB.1.9*
2023-06-19,0.0,BF.7.14*
2023-06-19,0.25443786982248523,XBB.1.16*
2023-06-19,0.04142011834319527,XBB.1.5*
2023-06-19,0.1242603550295858,XBB.1.22*
2023-06-20,0.0,BA.5.2*
2023-06-20,0.40106951871657753,XBB.1.9*
2023-06-20,0.0,BF.7.14*
2023-06-20,0.26737967914438504,XBB.1.16*
2023-06-20,0.06951871657754011,XBB.1.5*
2023-06-20,0.13903743315508021,XBB.1.22*
2023-06-21,0.0,BA.5.2*
2023-06-21,0.47706422018348627,XBB.1.9*
2023-06-21,0.0,BF.7.14*
2023-06-21,0.29357798165137616,XBB.1.16*
2023-06-21,0.05504587155963303,XBB.1.5*
2023-06-21,0.09174311926605505,XBB.1.22*
2023-06-22,0.0,BA.5.2*
2023-06-22,0.42857142857142855,XBB.1.9*
2023-06-22,0.0,BF.7.14*
2023-06-22,0.25,XBB.1.16*
2023-06-22,0.05357142857142857,XBB.1.5*
2023-06-22,0.16071428571428573,XBB.1.22*
2023-06-23,0.0,BA.5.2*
2023-06-23,0.5,XBB.1.9*
2023-06-23,0.0,BF.7.14*
2023-06-23,0.2777777777777778,XBB.1.16*
2023-06-23,0.0,XBB.1.5*
2023-06-23,0.09259259259259259,XBB.1.22*
2023-06-24,0.0,BA.5.2*
2023-06-24,0.38235294117647056,XBB.1.9*
2023-06-24,0.0,BF.7.14*
2023-06-24,0.25,XBB.1.16*
2023-06-24,0.10294117647058823,XBB.1.5*
2023-06-24,0.1323529411764706,XBB.1.22*
2023-06-25,0.0,BA.5.2*
2023-06-25,0.3894736842105263,XBB.1.9*
2023-06-25,0.0,BF.7.14*
2023-06-25,0.30526315789473685,XBB.1.16*
2023-06-25,0.031578947368421054,XBB.1.5*
2023-06-25,0.17894736842105263,XBB.1.22*
2023-06-26,0.0,BA.5.2*
2023-06-26,0.41964285714285715,XBB.1.9*
2023-06-26,0.0,BF.7.14*
2023-06-26,0.24107142857142858,XBB.1.16*
2023-06-26,0.0625,XBB.1.5*
2023-06-26,0.16964285714285715,XBB.1.22*
2023-06-27,0.0,BA.5.2*
2023-06-27,0.4146341463414634,XBB.1.9*
2023-06-27,0.0,BF.7.14*
2023-06-27,0.24390243902439024,XBB.1.16*
2023-06-27,0.06504065040650407,XBB.1.5*
2023-06-27,0.14634146341463414,XBB.1.22*
2023-06-28,0.0,BA.5.2*
2023-06-28,0.41509433962264153,XBB.1.9*
2023-06-28,0.0,BF.7.14*
2023-06-28,0.24528301886792453,XBB.1.16*
2023-06-28,0.04716981132075472,XBB.1.5*
2023-06-28,0.19811320754716982,XBB.1.22*
2023-06-29,0.0,BA.5.2*
2023-06-29,0.6125,XBB.1.9*
2023-06-29,0.0,BF.7.14*
2023-06-29,0.15,XBB.1.16*
2023-06-29,0.025,XBB.1.5*
2023-06-29,0.1625,XBB.1.22*
2023-06-30,0.0,BA.5.2*
2023-06-30,0.5166666666666667,XBB.1.9*
2023-06-30,0.0,BF.7.14*
2023-06-30,0.26666666666666666,XBB.1.16*
2023-06-30,0.03333333333333333,XBB.1.5*
2023-06-30,0.06666666666666667,XBB.1.22*
2023-07-01,0.0,BA.5.2*
2023-07-01,0.4909090909090909,XBB.1.9*
2023-07-01,0.0,BF.7.14*
2023-07-01,0.21818181818181817,XBB.1.16*
2023-07-01,0.03636363636363636,XBB.1.5*
2023-07-01,0.09090909090909091,XBB.1.22*
2023-07-02,0.0,BA.5.2*
2023-07-02,0.5849056603773585,XBB.1.9*
2023-07-02,0.0,BF.7.14*
2023-07-02,0.20754716981132076,XBB.1.16*
2023-07-02,0.018867924528301886,XBB.1.5*
2023-07-02,0.018867924528301886,XBB.1.22*
2023-07-03,0.0,BA.5.2*
2023-07-03,0.39285714285714285,XBB.1.9*
2023-07-03,0.0,BF.7.14*
2023-07-03,0.23809523809523808,XBB.1.16*
2023-07-03,0.023809523809523808,XBB.1.5*
2023-07-03,0.14285714285714285,XBB.1.22*
2023-07-04,0.0,BA.5.2*
2023-07-04,0.4180327868852459,XBB.1.9*
2023-07-04,0.0,BF.7.14*
2023-07-04,0.28688524590163933,XBB.1.16*
2023-07-04,0.00819672131147541,XBB.1.5*
2023-07-04,0.1721311475409836,XBB.1.22*
2023-07-05,0.0,BA.5.2*
2023-07-05,0.48514851485148514,XBB.1.9*
2023-07-05,0.0,BF.7.14*
2023-07-05,0.1485148514851485,XBB.1.16*
2023-07-05,0.04950495049504951,XBB.1.5*
2023-07-05,0.24752475247524752,XBB.1.22*
2023-07-06,0.0,BA.5.2*
2023-07-06,0.46296296296296297,XBB.1.9*
2023-07-06,0.0,BF.7.14*
2023-07-06,0.26851851851851855,XBB.1.16*
2023-07-06,0.037037037037037035,XBB.1.5*
2023-07-06,0.1574074074074074,XBB.1.22*
2023-07-07,0.0,BA.5.2*
2023-07-07,0.5303030303030303,XBB.1.9*
2023-07-07,0.0,BF.7.14*
2023-07-07,0.12121212121212122,XBB.1.16*
2023-07-07,0.07575757575757576,XBB.1.5*
2023-07-07,0.16666666666666666,XBB.1.22*
2023-07-08,0.0,BA.5.2*
2023-07-08,0.43902439024390244,XBB.1.9*
2023-07-08,0.0,BF.7.14*
2023-07-08,0.24390243902439024,XBB.1.16*
2023-07-08,0.0,XBB.1.5*
2023-07-08,0.14634146341463414,XBB.1.22*
2023-07-09,0.0,BA.5.2*
2023-07-09,0.5272727272727272,XBB.1.9*
2023-07-09,0.0,BF.7.14*
2023-07-09,0.21818181818181817,XBB.1.16*
2023-07-09,0.03636363636363636,XBB.1.5*
2023-07-09,0.10909090909090909,XBB.1.22*
2023-07-10,0.0,BA.5.2*
2023-07-10,0.5348837209302325,XBB.1.9*
2023-07-10,0.0,BF.7.14*
2023-07-10,0.29069767441860467,XBB.1.16*
2023-07-10,0.05813953488372093,XBB.1.5*
2023-07-10,0.08139534883720931,XBB.1.22*
2023-07-11,0.0,BA.5.2*
2023-07-11,0.5,XBB.1.9*
2023-07-11,0.0,BF.7.14*
2023-07-11,0.2222222222222222,XBB.1.16*
2023-07-11,0.027777777777777776,XBB.1.5*
2023-07-11,0.1527777777777778,XBB.1.22*
2023-07-12,0.0,BA.5.2*
2023-07-12,0.5217391304347826,XBB.1.9*
2023-07-12,0.0,BF.7.14*
2023-07-12,0.2753623188405797,XBB.1.16*
2023-07-12,0.043478260869565216,XBB.1.5*
2023-07-12,0.10144927536231885,XBB.1.22*
2023-07-13,0.0,BA.5.2*
2023-07-13,0.49206349206349204,XBB.1.9*
2023-07-13,0.0,BF.7.14*
2023-07-13,0.15873015873015872,XBB.1.16*
2023-07-13,0.031746031746031744,XBB.1.5*
2023-07-13,0.1746031746031746,XBB.1.22*
2023-07-14,0.0,BA.5.2*
2023-07-14,0.603448275862069,XBB.1.9*
2023-07-14,0.0,BF.7.14*
2023-07-14,0.13793103448275862,XBB.1.16*
2023-07-14,0.05172413793103448,XBB.1.5*
2023-07-14,0.1724137931034483,XBB.1.22*
2023-07-15,0.0,BA.5.2*
2023-07-15,0.627906976744186,XBB.1.9*
2023-07-15,0.0,BF.7.14*
2023-07-15,0.11627906976744186,XBB.1.16*
2023-07-15,0.023255813953488372,XBB.1.5*
2023-07-15,0.09302325581395349,XBB.1.22*
2023-07-16,0.0,BA.5.2*
2023-07-16,0.5166666666666667,XBB.1.9*
2023-07-16,0.0,BF.7.14*
2023-07-16,0.26666666666666666,XBB.1.16*
2023-07-16,0.016666666666666666,XBB.1.5*
2023-07-16,0.08333333333333333,XBB.1.22*
2023-07-17,0.0,BA.5.2*
2023-07-17,0.5393258426966292,XBB.1.9*
2023-07-17,0.0,BF.7.14*
2023-07-17,0.21348314606741572,XBB.1.16*
2023-07-17,0.02247191011235955,XBB.1.5*
2023-07-17,0.19101123595505617,XBB.1.22*
2023-07-18,0.0,BA.5.2*
2023-07-18,0.6753246753246753,XBB.1.9*
2023-07-18,0.0,BF.7.14*
2023-07-18,0.18181818181818182,XBB.1.16*
2023-07-18,0.025974025974025976,XBB.1.5*
2023-07-18,0.06493506493506493,XBB.1.22*
2023-07-19,0.0,BA.5.2*
2023-07-19,0.5714285714285714,XBB.1.9*
2023-07-19,0.0,BF.7.14*
2023-07-19,0.12244897959183673,XBB.1.16*
2023-07-19,0.030612244897959183,XBB.1.5*
2023-07-19,0.20408163265306123,XBB.1.22*
2023-07-20,0.0,BA.5.2*
2023-07-20,0.5833333333333334,XBB.1.9*
2023-07-20,0.0,BF.7.14*
2023-07-20,0.13095238095238096,XBB.1.16*
2023-07-20,0.09523809523809523,XBB.1.5*
2023-07-20,0.09523809523809523,XBB.1.22*
2023-07-21,0.0,BA.5.2*
2023-07-21,0.4909090909090909,XBB.1.9*
2023-07-21,0.0,BF.7.14*
2023-07-21,0.16363636363636364,XBB.1.16*
2023-07-21,0.03636363636363636,XBB.1.5*
2023-07-21,0.12727272727272726,XBB.1.22*
2023-07-22,0.0,BA.5.2*
2023-07-22,0.6078431372549019,XBB.1.9*
2023-07-22,0.0,BF.7.14*
2023-07-22,0.1568627450980392,XBB.1.16*
2023-07-22,0.058823529411764705,XBB.1.5*
2023-07-22,0.0784313725490196,XBB.1.22*
2023-07-23,0.0,BA.5.2*
2023-07-23,0.7076923076923077,XBB.1.9*
2023-07-23,0.0,BF.7.14*
2023-07-23,0.09230769230769231,XBB.1.16*
2023-07-23,0.0,XBB.1.5*
2023-07-23,0.1076923076923077,XBB.1.22*
2023-07-24,0.0,BA.5.2*
2023-07-24,0.6827586206896552,XBB.1.9*
2023-07-24,0.0,BF.7.14*
2023-07-24,0.1103448275862069,XBB.1.16*
2023-07-24,0.013793103448275862,XBB.1.5*
2023-07-24,0.09655172413793103,XBB.1.22*
2023-07-25,0.0,BA.5.2*
2023-07-25,0.6712328767123288,XBB.1.9*
2023-07-25,0.0,BF.7.14*
2023-07-25,0.0958904109589041,XBB.1.16*
2023-07-25,0.0410958904109589,XBB.1.5*
2023-07-25,0.0547945205479452,XBB.1.22*
2023-07-26,0.0,BA.5.2*
2023-07-26,0.5421686746987951,XBB.1.9*
2023-07-26,0.0,BF.7.14*
2023-07-26,0.10843373493975904,XBB.1.16*
2023-07-26,0.07228915662650602,XBB.1.5*
2023-07-26,0.2289156626506024,XBB.1.22*
2023-07-27,0.0,BA.5.2*
2023-07-27,0.7083333333333334,XBB.1.9*
2023-07-27,0.0,BF.7.14*
2023-07-27,0.13541666666666666,XBB.1.16*
2023-07-27,0.041666666666666664,XBB.1.5*
2023-07-27,0.09375,XBB.1.22*
2023-07-28,0.016666666666666666,BA.5.2*
2023-07-28,0.6666666666666666,XBB.1.9*
2023-07-28,0.0,BF.7.14*
2023-07-28,0.1,XBB.1.16*
2023-07-28,0.0,XBB.1.5*
2023-07-28,0.1,XBB.1.22*
2023-07-29,0.0,BA.5.2*
2023-07-29,0.6031746031746031,XBB.1.9*
2023-07-29,0.0,BF.7.14*
2023-07-29,0.15873015873015872,XBB.1.16*
2023-07-29,0.015873015873015872,XBB.1.5*
2023-07-29,0.15873015873015872,XBB.1.22*
2023-07-30,0.0,BA.5.2*
2023-07-30,0.6346153846153846,XBB.1.9*
2023-07-30,0.0,BF.7.14*
2023-07-30,0.11538461538461539,XBB.1.16*
2023-07-30,0.028846153846153848,XBB.1.5*
2023-07-30,0.17307692307692307,XBB.1.22*
2023-07-31,0.0,BA.5.2*
2023-07-31,0.6370967741935484,XBB.1.9*
2023-07-31,0.0,BF.7.14*
2023-07-31,0.14516129032258066,XBB.1.16*
2023-07-31,0.016129032258064516,XBB.1.5*
2023-07-31,0.16129032258064516,XBB.1.22*
2023-08-01,0.0,BA.5.2*
2023-08-01,0.7456140350877193,XBB.1.9*
2023-08-01,0.0,BF.7.14*
2023-08-01,0.08771929824561403,XBB.1.16*
2023-08-01,0.0,XBB.1.5*
2023-08-01,0.12280701754385964,XBB.1.22*
2023-08-02,0.0,BA.5.2*
2023-08-02,0.654320987654321,XBB.1.9*
2023-08-02,0.0,BF.7.14*
2023-08-02,0.1111111111111111,XBB.1.16*
2023-08-02,0.012345679012345678,XBB.1.5*
2023-08-02,0.14814814814814814,XBB.1.22*
2023-08-03,0.0,BA.5.2*
2023-08-03,0.7027027027027027,XBB.1.9*
2023-08-03,0.0,BF.7.14*
2023-08-03,0.06756756756756757,XBB.1.16*
2023-08-03,0.0,XBB.1.5*
2023-08-03,0.1891891891891892,XBB.1.22*
2023-08-04,0.0,BA.5.2*
2023-08-04,0.6851851851851852,XBB.1.9*
2023-08-04,0.0,BF.7.14*
2023-08-04,0.1111111111111111,XBB.1.16*
2023-08-04,0.018518518518518517,XBB.1.5*
2023-08-04,0.09259259259259259,XBB.1.22*
2023-08-05,0.0,BA.5.2*
2023-08-05,0.782608695652174,XBB.1.9*
2023-08-05,0.0,BF.7.14*
2023-08-05,0.07246376811594203,XBB.1.16*
2023-08-05,0.0,XBB.1.5*
2023-08-05,0.13043478260869565,XBB.1.22*
2023-08-06,0.0,BA.5.2*
2023-08-06,0.5866666666666667,XBB.1.9*
2023-08-06,0.0,BF.7.14*
2023-08-06,0.10666666666666667,XBB.1.16*
2023-08-06,0.0,XBB.1.5*
2023-08-06,0.2,XBB.1.22*
2023-08-07,0.0,BA.5.2*
2023-08-07,0.7419354838709677,XBB.1.9*
2023-08-07,0.0,BF.7.14*
2023-08-07,0.04838709677419355,XBB.1.16*
2023-08-07,0.008064516129032258,XBB.1.5*
2023-08-07,0.13709677419354838,XBB.1.22*
2023-08-08,0.0,BA.5.2*
2023-08-08,0.7608695652173914,XBB.1.9*
2023-08-08,0.0,BF.7.14*
2023-08-08,0.043478260869565216,XBB.1.16*
2023-08-08,0.0,XBB.1.5*
2023-08-08,0.17391304347826086,XBB.1.22*
2023-08-09,0.0,BA.5.2*
2023-08-09,0.7523809523809524,XBB.1.9*
2023-08-09,0.0,BF.7.14*
2023-08-09,0.0761904761904762,XBB.1.16*
2023-08-09,0.01904761904761905,XBB.1.5*
2023-08-09,0.09523809523809523,XBB.1.22*
2023-08-10,0.0,BA.5.2*
2023-08-10,0.7777777777777778,XBB.1.9*
2023-08-10,0.0,BF.7.14*
2023-08-10,0.06349206349206349,XBB.1.16*
2023-08-10,0.0,XBB.1.5*
2023-08-10,0.14285714285714285,XBB.1.22*
2023-08-11,0.0,BA.5.2*
2023-08-11,0.8414634146341463,XBB.1.9*
2023-08-11,0.0,BF.7.14*
2023-08-11,0.04878048780487805,XBB.1.16*
2023-08-11,0.0,XBB.1.5*
2023-08-11,0.06097560975609756,XBB.1.22*
2023-08-12,0.0,BA.5.2*
2023-08-12,0.7027027027027027,XBB.1.9*
2023-08-12,0.0,BF.7.14*
2023-08-12,0.05405405405405406,XBB.1.16*
2023-08-12,0.013513513513513514,XBB.1.5*
2023-08-12,0.13513513513513514,XBB.1.22*
2023-08-13,0.0,BA.5.2*
2023-08-13,0.6825396825396826,XBB.1.9*
2023-08-13,0.0,BF.7.14*
2023-08-13,0.047619047619047616,XBB.1.16*
2023-08-13,0.015873015873015872,XBB.1.5*
2023-08-13,0.15873015873015872,XBB.1.22*
2023-08-14,0.0,BA.5.2*
2023-08-14,0.7311827956989247,XBB.1.9*
2023-08-14,0.0,BF.7.14*
2023-08-14,0.053763440860215055,XBB.1.16*
2023-08-14,0.03225806451612903,XBB.1.5*
2023-08-14,0.11827956989247312,XBB.1.22*
2023-08-15,0.0,BA.5.2*
2023-08-15,0.7352941176470589,XBB.1.9*
2023-08-15,0.0,BF.7.14*
2023-08-15,0.0784313725490196,XBB.1.16*
2023-08-15,0.00980392156862745,XBB.1.5*
2023-08-15,0.1568627450980392,XBB.1.22*
2023-08-16,0.0,BA.5.2*
2023-08-16,0.7983193277310925,XBB.1.9*
2023-08-16,0.0,BF.7.14*
2023-08-16,0.04201680672268908,XBB.1.16*
2023-08-16,0.008403361344537815,XBB.1.5*
2023-08-16,0.1092436974789916,XBB.1.22*
2023-08-17,0.0,BA.5.2*
2023-08-17,0.7945205479452054,XBB.1.9*
2023-08-17,0.0,BF.7.14*
2023-08-17,0.0684931506849315,XBB.1.16*
2023-08-17,0.0,XBB.1.5*
2023-08-17,0.0684931506849315,XBB.1.22*
2023-08-18,0.0,BA.5.2*
2023-08-18,0.7183098591549296,XBB.1.9*
2023-08-18,0.0,BF.7.14*
2023-08-18,0.07042253521126761,XBB.1.16*
2023-08-18,0.014084507042253521,XBB.1.5*
2023-08-18,0.1267605633802817,XBB.1.22*
2023-08-19,0.0,BA.5.2*
2023-08-19,0.7719298245614035,XBB.1.9*
2023-08-19,0.0,BF.7.14*
2023-08-19,0.08771929824561403,XBB.1.16*
2023-08-19,0.0,XBB.1.5*
2023-08-19,0.12280701754385964,XBB.1.22*
2023-08-20,0.0,BA.5.2*
2023-08-20,0.7441860465116279,XBB.1.9*
2023-08-20,0.0,BF.7.14*
2023-08-20,0.046511627906976744,XBB.1.16*
2023-08-20,0.0,XBB.1.5*
2023-08-20,0.11627906976744186,XBB.1.22*
2023-08-21,0.0,BA.5.2*
2023-08-21,0.8395061728395061,XBB.1.9*
2023-08-21,0.0,BF.7.14*
2023-08-21,0.04938271604938271,XBB.1.16*
2023-08-21,0.0,XBB.1.5*
2023-08-21,0.08641975308641975,XBB.1.22*
2023-08-22,0.0,BA.5.2*
2023-08-22,0.8461538461538461,XBB.1.9*
2023-08-22,0.0,BF.7.14*
2023-08-22,0.019230769230769232,XBB.1.16*
2023-08-22,0.0,XBB.1.5*
2023-08-22,0.11538461538461539,XBB.1.22*
2023-08-23,0.0,BA.5.2*
2023-08-23,0.6862745098039216,XBB.1.9*
2023-08-23,0.0,BF.7.14*
2023-08-23,0.0784313725490196,XBB.1.16*
2023-08-23,0.0,XBB.1.5*
2023-08-23,0.17647058823529413,XBB.1.22*
2023-08-24,0.0,BA.5.2*
2023-08-24,0.7142857142857143,XBB.1.9*
2023-08-24,0.0,BF.7.14*
2023-08-24,0.08163265306122448,XBB.1.16*
2023-08-24,0.02040816326530612,XBB.1.5*
2023-08-24,0.12244897959183673,XBB.1.22*
2023-08-25,0.0,BA.5.2*
2023-08-25,0.8333333333333334,XBB.1.9*
2023-08-25,0.0,BF.7.14*
2023-08-25,0.047619047619047616,XBB.1.16*
2023-08-25,0.0,XBB.1.5*
2023-08-25,0.11904761904761904,XBB.1.22*
2023-08-26,0.0,BA.5.2*
2023-08-26,0.6923076923076923,XBB.1.9*
2023-08-26,0.0,BF.7.14*
2023-08-26,0.019230769230769232,XBB.1.16*
2023-08-26,0.0,XBB.1.5*
2023-08-26,0.17307692307692307,XBB.1.22*
2023-08-27,0.0,BA.5.2*
2023-08-27,0.95,XBB.1.9*
2023-08-27,0.0,BF.7.14*
2023-08-27,0.025,XBB.1.16*
2023-08-27,0.0,XBB.1.5*
2023-08-27,0.0,XBB.1.22*
2023-08-28,0.0,BA.5.2*
2023-08-28,0.8617021276595744,XBB.1.9*
2023-08-28,0.0,BF.7.14*
2023-08-28,0.05319148936170213,XBB.1.16*
2023-08-28,0.0,XBB.1.5*
2023-08-28,0.05319148936170213,XBB.1.22*
2023-08-29,0.0,BA.5.2*
2023-08-29,0.782051282051282,XBB.1.9*
2023-08-29,0.0,BF.7.14*
2023-08-29,0.02564102564102564,XBB.1.16*
2023-08-29,0.02564102564102564,XBB.1.5*
2023-08-29,0.14102564102564102,XBB.1.22*
2023-08-30,0.0,BA.5.2*
2023-08-30,0.7733333333333333,XBB.1.9*
2023-08-30,0.0,BF.7.14*
2023-08-30,0.013333333333333334,XBB.1.16*
2023-08-30,0.04,XBB.1.5*
2023-08-30,0.10666666666666667,XBB.1.22*
2023-08-31,0.0,BA.5.2*
2023-08-31,0.9285714285714286,XBB.1.9*
2023-08-31,0.0,BF.7.14*
2023-08-31,0.0,XBB.1.16*
2023-08-31,0.0,XBB.1.5*
2023-08-31,0.07142857142857142,XBB.1.22*
2023-09-01,0.0,BA.5.2*
2023-09-01,0.9032258064516129,XBB.1.9*
2023-09-01,0.0,BF.7.14*
2023-09-01,0.03225806451612903,XBB.1.16*
2023-09-01,0.0,XBB.1.5*
2023-09-01,0.06451612903225806,XBB.1.22*
2023-09-02,0.0,BA.5.2*
2023-09-02,0.7941176470588235,XBB.1.9*
2023-09-02,0.0,BF.7.14*
2023-09-02,0.08823529411764706,XBB.1.16*
2023-09-02,0.0,XBB.1.5*
2023-09-02,0.08823529411764706,XBB.1.22*
2023-09-03,0.0,BA.5.2*
2023-09-03,0.8518518518518519,XBB.1.9*
2023-09-03,0.0,BF.7.14*
2023-09-03,0.018518518518518517,XBB.1.16*
2023-09-03,0.0,XBB.1.5*
2023-09-03,0.09259259259259259,XBB.1.22*
2023-09-04,0.0,BA.5.2*
2023-09-04,0.9253731343283582,XBB.1.9*
2023-09-04,0.0,BF.7.14*
2023-09-04,0.014925373134328358,XBB.1.16*
2023-09-04,0.014925373134328358,XBB.1.5*
2023-09-04,0.04477611940298507,XBB.1.22*
2023-09-05,0.0,BA.5.2*
2023-09-05,0.8888888888888888,XBB.1.9*
2023-09-05,0.0,BF.7.14*
2023-09-05,0.015873015873015872,XBB.1.16*
2023-09-05,0.015873015873015872,XBB.1.5*
2023-09-05,0.015873015873015872,XBB.1.22*
2023-09-06,0.0,BA.5.2*
2023-09-06,0.92,XBB.1.9*
2023-09-06,0.0,BF.7.14*
2023-09-06,0.013333333333333334,XBB.1.16*
2023-09-06,0.0,XBB.1.5*
2023-09-06,0.02666666666666667,XBB.1.22*
2023-09-07,0.0,BA.5.2*
2023-09-07,0.9,XBB.1.9*
2023-09-07,0.0,BF.7.14*
2023-09-07,0.02,XBB.1.16*
2023-09-07,0.02,XBB.1.5*
2023-09-07,0.02,XBB.1.22*
2023-09-08,0.0,BA.5.2*
2023-09-08,0.9111111111111111,XBB.1.9*
2023-09-08,0.0,BF.7.14*
2023-09-08,0.022222222222222223,XBB.1.16*
2023-09-08,0.0,XBB.1.5*
2023-09-08,0.06666666666666667,XBB.1.22*
2023-09-09,0.0,BA.5.2*
2023-09-09,0.8653846153846154,XBB.1.9*
2023-09-09,0.0,BF.7.14*
2023-09-09,0.09615384615384616,XBB.1.16*
2023-09-09,0.0,XBB.1.5*
2023-09-09,0.038461538461538464,XBB.1.22*
2023-09-10,0.0,BA.5.2*
2023-09-10,0.8076923076923077,XBB.1.9*
2023-09-10,0.0,BF.7.14*
2023-09-10,0.057692307692307696,XBB.1.16*
2023-09-10,0.038461538461538464,XBB.1.5*
2023-09-10,0.057692307692307696,XBB.1.22*
2023-09-11,0.0,BA.5.2*
2023-09-11,0.9504950495049505,XBB.1.9*
2023-09-11,0.0,BF.7.14*
2023-09-11,0.019801980198019802,XBB.1.16*
2023-09-11,0.0,XBB.1.5*
2023-09-11,0.0297029702970297,XBB.1.22*
2023-09-12,0.0,BA.5.2*
2023-09-12,0.9107142857142857,XBB.1.9*
2023-09-12,0.0,BF.7.14*
2023-09-12,0.05357142857142857,XBB.1.16*
2023-09-12,0.0,XBB.1.5*
2023-09-12,0.017857142857142856,XBB.1.22*
2023-09-13,0.0,BA.5.2*
2023-09-13,0.8767123287671232,XBB.1.9*
2023-09-13,0.0,BF.7.14*
2023-09-13,0.0136986301369863,XBB.1.16*
2023-09-13,0.0,XBB.1.5*
2023-09-13,0.1095890410958904,XBB.1.22*
2023-09-14,0.0,BA.5.2*
2023-09-14,0.8620689655172413,XBB.1.9*
2023-09-14,0.0,BF.7.14*
2023-09-14,0.06896551724137931,XBB.1.16*
2023-09-14,0.0,XBB.1.5*
2023-09-14,0.017241379310344827,XBB.1.22*
2023-09-15,0.0,BA.5.2*
2023-09-15,0.875,XBB.1.9*
2023-09-15,0.0,BF.7.14*
2023-09-15,0.0,XBB.1.16*
2023-09-15,0.0,XBB.1.5*
2023-09-15,0.09375,XBB.1.22*
2023-09-16,0.0,BA.5.2*
2023-09-16,0.851063829787234,XBB.1.9*
2023-09-16,0.0,BF.7.14*
2023-09-16,0.0851063829787234,XBB.1.16*
2023-09-16,0.0,XBB.1.5*
2023-09-16,0.0,XBB.1.22*
2023-09-17,0.0,BA.5.2*
2023-09-17,0.8717948717948718,XBB.1.9*
2023-09-17,0.0,BF.7.14*
2023-09-17,0.02564102564102564,XBB.1.16*
2023-09-17,0.02564102564102564,XBB.1.5*
2023-09-17,0.05128205128205128,XBB.1.22*
2023-09-18,0.0,BA.5.2*
2023-09-18,0.8933333333333333,XBB.1.9*
2023-09-18,0.0,BF.7.14*
2023-09-18,0.06666666666666667,XBB.1.16*
2023-09-18,0.0,XBB.1.5*
2023-09-18,0.04,XBB.1.22*
2023-09-19,0.0,BA.5.2*
2023-09-19,0.9032258064516129,XBB.1.9*
2023-09-19,0.0,BF.7.14*
2023-09-19,0.04838709677419355,XBB.1.16*
2023-09-19,0.0,XBB.1.5*
2023-09-19,0.0,XBB.1.22*
2023-09-20,0.0,BA.5.2*
2023-09-20,0.9074074074074074,XBB.1.9*
2023-09-20,0.0,BF.7.14*
2023-09-20,0.037037037037037035,XBB.1.16*
2023-09-20,0.0,XBB.1.5*
2023-09-20,0.0,XBB.1.22*
2023-09-21,0.0,BA.5.2*
2023-09-21,0.9375,XBB.1.9*
2023-09-21,0.0,BF.7.14*
2023-09-21,0.020833333333333332,XBB.1.16*
2023-09-21,0.0,XBB.1.5*
2023-09-21,0.041666666666666664,XBB.1.22*
2023-09-22,0.0,BA.5.2*
2023-09-22,0.8125,XBB.1.9*
2023-09-22,0.0,BF.7.14*
2023-09-22,0.09375,XBB.1.16*
2023-09-22,0.03125,XBB.1.5*
2023-09-22,0.03125,XBB.1.22*
2023-09-23,0.0,BA.5.2*
2023-09-23,0.9130434782608695,XBB.1.9*
2023-09-23,0.0,BF.7.14*
2023-09-23,0.043478260869565216,XBB.1.16*
2023-09-23,0.0,XBB.1.5*
2023-09-23,0.0,XBB.1.22*
2023-09-24,0.0,BA.5.2*
2023-09-24,0.967741935483871,XBB.1.9*
2023-09-24,0.0,BF.7.14*
2023-09-24,0.0,XBB.1.16*
2023-09-24,0.03225806451612903,XBB.1.5*
2023-09-24,0.0,XBB.1.22*
2023-09-25,0.0,BA.5.2*
2023-09-25,0.9014084507042254,XBB.1.9*
2023-09-25,0.0,BF.7.14*
2023-09-25,0.056338028169014086,XBB.1.16*
2023-09-25,0.014084507042253521,XBB.1.5*
2023-09-25,0.028169014084507043,XBB.1.22*
2023-09-26,0.0,BA.5.2*
2023-09-26,0.9230769230769231,XBB.1.9*
2023-09-26,0.0,BF.7.14*
2023-09-26,0.057692307692307696,XBB.1.16*
2023-09-26,0.0,XBB.1.5*
2023-09-26,0.0,XBB.1.22*
2023-09-27,0.0,BA.5.2*
2023-09-27,0.9722222222222222,XBB.1.9*
2023-09-27,0.0,BF.7.14*
2023-09-27,0.0,XBB.1.16*
2023-09-27,0.0,XBB.1.5*
2023-09-27,0.013888888888888888,XBB.1.22*
2023-09-28,0.0,BA.5.2*
2023-09-28,0.7837837837837838,XBB.1.9*
2023-09-28,0.0,BF.7.14*
2023-09-28,0.02702702702702703,XBB.1.16*
2023-09-28,0.0,XBB.1.5*
2023-09-28,0.02702702702702703,XBB.1.22*
2023-09-29,0.0,BA.5.2*
2023-09-29,1.0,XBB.1.9*
2023-09-29,0.0,BF.7.14*
2023-09-29,0.0,XBB.1.16*
2023-09-29,0.0,XBB.1.5*
2023-09-29,0.0,XBB.1.22*
2023-09-30,0.0,BA.5.2*
2023-09-30,1.0,XBB.1.9*
2023-09-30,0.0,BF.7.14*
2023-09-30,0.0,XBB.1.16*
2023-09-30,0.0,XBB.1.5*
2023-09-30,0.0,XBB.1.22*
2023-10-01,0.0,BA.5.2*
2023-10-01,0.9285714285714286,XBB.1.9*
2023-10-01,0.0,BF.7.14*
2023-10-01,0.07142857142857142,XBB.1.16*
2023-10-01,0.0,XBB.1.5*
2023-10-01,0.0,XBB.1.22*
2023-10-02,0.0,BA.5.2*
2023-10-02,0.88,XBB.1.9*
2023-10-02,0.0,BF.7.14*
2023-10-02,0.12,XBB.1.16*
2023-10-02,0.0,XBB.1.5*
2023-10-02,0.0,XBB.1.22*
2023-10-03,0.0,BA.5.2*
2023-10-03,0.9259259259259259,XBB.1.9*
2023-10-03,0.0,BF.7.14*
2023-10-03,0.037037037037037035,XBB.1.16*
2023-10-03,0.0,XBB.1.5*
2023-10-03,0.037037037037037035,XBB.1.22*
2023-10-04,0.0,BA.5.2*
2023-10-04,0.9666666666666667,XBB.1.9*
2023-10-04,0.0,BF.7.14*
2023-10-04,0.03333333333333333,XBB.1.16*
2023-10-04,0.0,XBB.1.5*
2023-10-04,0.0,XBB.1.22*
2023-10-05,0.0,BA.5.2*
2023-10-05,1.0,XBB.1.9*
2023-10-05,0.0,BF.7.14*
2023-10-05,0.0,XBB.1.16*
2023-10-05,0.0,XBB.1.5*
2023-10-05,0.0,XBB.1.22*
2023-10-06,0.0,BA.5.2*
2023-10-06,0.9152542372881356,XBB.1.9*
2023-10-06,0.0,BF.7.14*
2023-10-06,0.03389830508474576,XBB.1.16*
2023-10-06,0.0,XBB.1.5*
2023-10-06,0.03389830508474576,XBB.1.22*
2023-10-07,0.0,BA.5.2*
2023-10-07,0.925,XBB.1.9*
2023-10-07,0.0,BF.7.14*
2023-10-07,0.0,XBB.1.16*
2023-10-07,0.0,XBB.1.5*
2023-10-07,0.025,XBB.1.22*
2023-10-08,0.0,BA.5.2*
2023-10-08,0.8596491228070176,XBB.1.9*
2023-10-08,0.0,BF.7.14*
2023-10-08,0.03508771929824561,XBB.1.16*
2023-10-08,0.0,XBB.1.5*
2023-10-08,0.0,XBB.1.22*
2023-10-09,0.0,BA.5.2*
2023-10-09,0.875,XBB.1.9*
2023-10-09,0.0,BF.7.14*
2023-10-09,0.0625,XBB.1.16*
2023-10-09,0.0,XBB.1.5*
2023-10-09,0.041666666666666664,XBB.1.22*
2023-10-10,0.0,BA.5.2*
2023-10-10,1.0,XBB.1.9*
2023-10-10,0.0,BF.7.14*
2023-10-10,0.0,XBB.1.16*
2023-10-10,0.0,XBB.1.5*
2023-10-10,0.0,XBB.1.22*
2023-10-11,0.0,BA.5.2*
2023-10-11,0.9636363636363636,XBB.1.9*
2023-10-11,0.0,BF.7.14*
2023-10-11,0.01818181818181818,XBB.1.16*
2023-10-11,0.0,XBB.1.5*
2023-10-11,0.0,XBB.1.22*
2023-10-12,0.0,BA.5.2*
2023-10-12,0.9473684210526315,XBB.1.9*
2023-10-12,0.0,BF.7.14*
2023-10-12,0.0,XBB.1.16*
2023-10-12,0.0,XBB.1.5*
2023-10-12,0.0,XBB.1.22*
2023-10-13,0.0,BA.5.2*
2023-10-13,0.7931034482758621,XBB.1.9*
2023-10-13,0.0,BF.7.14*
2023-10-13,0.034482758620689655,XBB.1.16*
2023-10-13,0.034482758620689655,XBB.1.5*
2023-10-13,0.0,XBB.1.22*
2023-10-14,0.0,BA.5.2*
2023-10-14,0.9,XBB.1.9*
2023-10-14,0.0,BF.7.14*
2023-10-14,0.05,XBB.1.16*
2023-10-14,0.0,XBB.1.5*
2023-10-14,0.0,XBB.1.22*
2023-10-15,0.0,BA.5.2*
2023-10-15,0.8297872340425532,XBB.1.9*
2023-10-15,0.0,BF.7.14*
2023-10-15,0.0851063829787234,XBB.1.16*
2023-10-15,0.0,XBB.1.5*
2023-10-15,0.0,XBB.1.22*
2023-10-16,0.0,BA.5.2*
2023-10-16,0.8666666666666667,XBB.1.9*
2023-10-16,0.0,BF.7.14*
2023-10-16,0.05,XBB.1.16*
2023-10-16,0.0,XBB.1.5*
2023-10-16,0.03333333333333333,XBB.1.22*
2023-10-17,0.0,BA.5.2*
2023-10-17,0.94,XBB.1.9*
2023-10-17,0.0,BF.7.14*
2023-10-17,0.0,XBB.1.16*
2023-10-17,0.0,XBB.1.5*
2023-10-17,0.0,XBB.1.22*
2023-10-18,0.0,BA.5.2*
2023-10-18,0.9493670886075949,XBB.1.9*
2023-10-18,0.0,BF.7.14*
2023-10-18,0.02531645569620253,XBB.1.16*
2023-10-18,0.0,XBB.1.5*
2023-10-18,0.0,XBB.1.22*
2023-10-19,0.0,BA.5.2*
2023-10-19,0.88,XBB.1.9*
2023-10-19,0.0,BF.7.14*
2023-10-19,0.08,XBB.1.16*
2023-10-19,0.0,XBB.1.5*
2023-10-19,0.0,XBB.1.22*
2023-10-20,0.0,BA.5.2*
2023-10-20,0.9333333333333333,XBB.1.9*
2023-10-20,0.0,BF.7.14*
2023-10-20,0.0,XBB.1.16*
2023-10-20,0.0,XBB.1.5*
2023-10-20,0.044444444444444446,XBB.1.22*
2023-10-21,0.0,BA.5.2*
2023-10-21,1.0,XBB.1.9*
2023-10-21,0.0,BF.7.14*
2023-10-21,0.0,XBB.1.16*
2023-10-21,0.0,XBB.1.5*
2023-10-21,0.0,XBB.1.22*
2023-10-22,0.0,BA.5.2*
2023-10-22,0.9473684210526315,XBB.1.9*
2023-10-22,0.0,BF.7.14*
2023-10-22,0.0,XBB.1.16*
2023-10-22,0.0,XBB.1.5*
2023-10-22,0.05263157894736842,XBB.1.22*
2023-10-23,0.0,BA.5.2*
2023-10-23,0.9230769230769231,XBB.1.9*
2023-10-23,0.0,BF.7.14*
2023-10-23,0.0,XBB.1.16*
2023-10-23,0.0,XBB.1.5*
2023-10-23,0.0,XBB.1.22*
2023-10-24,0.0,BA.5.2*
2023-10-24,1.0,XBB.1.9*
2023-10-24,0.0,BF.7.14*
2023-10-24,0.0,XBB.1.16*
2023-10-24,0.0,XBB.1.5*
2023-10-24,0.0,XBB.1.22*
2023-10-25,0.0,BA.5.2*
2023-10-25,0.875,XBB.1.9*
2023-10-25,0.0,BF.7.14*
2023-10-25,0.0,XBB.1.16*
2023-10-25,0.0,XBB.1.5*
2023-10-25,0.0,XBB.1.22*
2023-10-26,0.0,BA.5.2*
2023-10-26,1.0,XBB.1.9*
2023-10-26,0.0,BF.7.14*
2023-10-26,0.0,XBB.1.16*
2023-10-26,0.0,XBB.1.5*
2023-10-26,0.0,XBB.1.22*
2023-10-27,0.0,BA.5.2*
2023-10-27,0.8666666666666667,XBB.1.9*
2023-10-27,0.0,BF.7.14*
2023-10-27,0.06666666666666667,XBB.1.16*
2023-10-27,0.06666666666666667,XBB.1.5*
2023-10-27,0.0,XBB.1.22*
2023-10-28,0.0,BA.5.2*
2023-10-28,0.8,XBB.1.9*
2023-10-28,0.0,BF.7.14*
2023-10-28,0.0,XBB.1.16*
2023-10-28,0.0,XBB.1.5*
2023-10-28,0.0,XBB.1.22*
2023-10-29,0.0,BA.5.2*
2023-10-29,0.8095238095238095,XBB.1.9*
2023-10-29,0.0,BF.7.14*
2023-10-29,0.047619047619047616,XBB.1.16*
2023-10-29,0.047619047619047616,XBB.1.5*
2023-10-29,0.0,XBB.1.22*
2023-10-30,0.0,BA.5.2*
2023-10-30,0.9333333333333333,XBB.1.9*
2023-10-30,0.0,BF.7.14*
2023-10-30,0.06666666666666667,XBB.1.16*
2023-10-30,0.0,XBB.1.5*
2023-10-30,0.0,XBB.1.22*
2023-10-31,0.0,BA.5.2*
2023-10-31,1.0,XBB.1.9*
2023-10-31,0.0,BF.7.14*
2023-10-31,0.0,XBB.1.16*
2023-10-31,0.0,XBB.1.5*
2023-10-31,0.0,XBB.1.22*
